dsid,regime,n,trial,nu,wbic,afe0,adjusted_wbic,chains,draws,tune,mean_divergences,total_divergences,max_divergences,divergences_per_chain,chain_tree_depth,n_components
regular,50,50,0,1.3305786859648956,148.68341939881253,148.56567631291463,147.35284071284764,1,1000,2500,0.0,0,0,[0],5,2
e-singular,50,50,0,1.110960818329314,139.24231519468424,141.16151066893755,138.13135437635492,1,1000,2500,0.0,0,0,[0],7,2
singular1,50,50,0,0.5699230826887203,129.66630606385013,128.3803254019949,129.0963829811614,1,1000,2500,0.0,0,0,[0],8,2
singular2,50,50,0,0.6560884634318965,112.70094124506852,111.99822572786752,112.04485278163662,1,1000,2500,0.0,0,0,[0],7,2
regular,50,50,0,1.1681498609451413,149.583450625913,149.54368206427168,148.41530076496787,1,1000,2500,0.0,0,0,[0],10,3
e-singular,50,50,0,1.0193266706875619,139.570829363304,142.1395164202946,138.55150269261645,1,1000,2500,0.0,0,0,[0],8,3
singular1,50,50,0,0.5376060298452316,132.04748045694927,129.3583311533519,131.50987442710405,1,1000,2500,0.0,0,0,[0],9,3
singular2,50,50,0,0.6115351524126023,113.99388528630539,112.97623147922455,113.38235013389279,1,1000,2500,0.0,0,0,[0],8,3
regular,50,50,0,1.0762455349687698,151.86520598450483,151.49969356698574,150.78896044953606,1,1000,2500,0.0,0,0,[0],9,5
e-singular,50,50,0,0.9402204268577163,142.36046401677154,144.09552792300866,141.42024358991384,1,1000,2500,0.0,0,0,[0],8,5
singular1,50,50,0,0.5668880386616557,136.66516848700564,131.314342656066,136.09828044834398,1,1000,2500,0.0,0,0,[0],9,5
singular2,50,50,0,0.5203031788914644,116.65835532129859,114.93224298193863,116.13805214240712,1,1000,2500,0.0,0,0,[0],8,5
regular,50,50,0,1.0258626988632376,154.187853579636,153.45570506969983,153.16199088077275,1,1000,2500,0.0,0,0,[0],9,7
e-singular,50,50,0,0.8343619961298318,144.6024613736912,146.05153942572275,143.76809937756136,1,1000,2500,0.0,0,0,[0],8,7
singular1,50,50,0,0.5251350878570118,139.72571877779137,133.27035415878007,139.20058368993435,1,1000,2500,0.0,0,0,[0],9,7
singular2,50,50,0,0.5087959943855165,119.17290521346571,116.8882544846527,118.66410921908019,1,1000,2500,0.0,0,0,[0],8,7
regular,50,50,0,0.9558082513424103,156.0599829692155,155.4117165724139,155.1041747178731,1,1000,2500,0.0,0,0,[0],9,9
e-singular,50,50,0,0.7515075779093433,146.49165027155343,148.0075509284368,145.7401426936441,1,1000,2500,0.0,0,0,[0],8,9
singular1,50,50,0,0.5475067275449912,142.87742389066412,135.22636566149413,142.32991716311912,1,1000,2500,0.0,0,0,[0],9,9
singular2,50,50,0,0.48081940178341603,121.66369880176651,118.84426598736678,121.1828793999831,1,1000,2500,0.0,0,0,[0],8,9
regular,250,250,0,1.5789315320402628,749.445946798784,751.0588792037548,747.8670152667437,1,1000,2500,0.0,0,0,[0],5,2
e-singular,250,250,0,1.5206939001439859,692.6126310853249,693.5297791158459,691.0919371851809,1,1000,2500,0.0,0,0,[0],8,2
singular1,250,250,0,0.6614099424332388,658.4466545221602,659.2794581022081,657.785244579727,1,1000,2500,0.0,0,0,[0],8,2
singular2,250,250,0,0.48922357164997465,542.3988315782331,541.3074983911708,541.9096080065831,1,1000,2500,0.0,0,0,[0],8,2
regular,250,250,0,1.5614873895405676,750.686518627534,752.4392444332204,749.1250312379934,1,1000,2500,0.0,0,0,[0],10,3
e-singular,250,250,0,1.4016845125876332,693.7072695019168,694.9101443453116,692.3055849893292,1,1000,2500,0.0,0,0,[0],8,3
singular1,250,250,0,0.7650452141534066,661.4939971529826,660.6598233316736,660.7289519388293,1,1000,2500,0.0,0,0,[0],9,3
singular2,250,250,0,0.4910583501152452,544.6547674654776,542.6878636206363,544.1637091153623,1,1000,2500,0.0,0,0,[0],9,3
regular,250,250,0,1.5163872063772446,753.3878284883423,755.1999748921515,751.8714412819651,1,1000,2500,0.0,0,0,[0],9,5
e-singular,250,250,0,1.310186756457203,696.8690581549025,697.6708748042427,695.5588713984453,1,1000,2500,0.0,0,0,[0],9,5
singular1,250,250,0,0.7097294208251274,666.7302562595245,663.4205537906047,666.0205268386993,1,1000,2500,0.0,0,0,[0],9,5
singular2,250,250,0,0.5630032843325393,550.5005116149089,545.4485940795674,549.9375083305763,1,1000,2500,0.0,0,0,[0],9,5
regular,250,250,0,1.4568676411706434,755.5944132440379,757.9607053510827,754.1375456028672,1,1000,2500,0.0,0,0,[0],9,7
e-singular,250,250,0,1.0975407491096023,699.5541262268422,700.4316052631738,698.4565854777326,1,1000,2500,0.0,0,0,[0],9,7
singular1,250,250,0,0.7419130384486843,672.3912894909034,666.1812842495359,671.6493764524547,1,1000,2500,0.0,0,0,[0],9,7
singular2,250,250,0,0.5423052448246143,555.1609872717866,548.2093245384987,554.6186820269619,1,1000,2500,0.0,0,0,[0],9,7
regular,250,250,0,1.4035136654572884,758.4753861431952,760.7214358100138,757.071872477738,1,1000,2500,0.0,0,0,[0],10,9
e-singular,250,250,0,1.015852053191932,702.878502206624,703.1923357221049,701.8626501534321,1,1000,2500,0.0,0,0,[0],9,9
singular1,250,250,0,0.6850125393340453,677.7933129276151,668.942014708467,677.1083003882811,1,1000,2500,0.0,0,0,[0],10,9
singular2,250,250,0,0.5476792933070295,560.4365277891106,550.9700549974298,559.8888484958036,1,1000,2500,0.0,0,0,[0],9,9
regular,5000,5000,0,1.5909428657323565,14746.708607840294,14748.461000527375,14745.117664974561,1,1000,2500,0.0,0,0,[0],5,2
e-singular,5000,5000,0,1.577506367469712,13519.487342829141,13521.6472207762,13517.909836461671,1,1000,2500,0.0,0,0,[0],6,2
singular1,5000,5000,0,0.557054177963546,12765.62513190575,12764.644452968043,12765.068077727787,1,1000,2500,0.0,0,0,[0],10,2
singular2,5000,5000,0,0.6352190087164737,11017.506332078881,11017.814735183576,11016.871113070165,1,1000,2500,0.0,0,0,[0],9,2
regular,5000,5000,0,1.7102484423464208,14748.052406575562,14750.59029882523,14746.342158133215,1,1000,2500,0.0,0,0,[0],10,3
e-singular,5000,5000,0,1.5917752638627627,13519.72489643586,13523.776519074054,13518.133121171997,1,1000,2500,0.0,0,0,[0],10,3
singular1,5000,5000,0,0.6922649935350426,12769.112210962403,12766.773751265897,12768.419945968868,1,1000,2500,0.0,0,0,[0],10,3
singular2,5000,5000,0,0.6618162430758407,11020.36476746371,11019.94403348143,11019.702951220635,1,1000,2500,0.0,0,0,[0],9,3
regular,5000,5000,0,1.6710865981081273,14750.283083575368,14754.848895420937,14748.61199697726,1,1000,2500,0.0,0,0,[0],10,5
e-singular,5000,5000,0,1.7287118412342986,13522.924732539892,13528.035115669762,13521.196020698657,1,1000,2500,0.0,0,0,[0],10,5
singular1,5000,5000,0,0.6678667790497257,12774.637599510577,12771.032347861606,12773.969732731528,1,1000,2500,0.0,0,0,[0],10,5
singular2,5000,5000,0,0.7949166828442273,11026.923468223737,11024.20263007714,11026.128551540893,1,1000,2500,0.0,0,0,[0],10,5
regular,5000,5000,0,1.8583960732744893,14755.666630706444,14759.107492016645,14753.80823463317,1,1000,2500,0.0,0,0,[0],10,7
e-singular,5000,5000,0,1.718222212616687,13525.710314903841,13532.29371226547,13523.992092691224,1,1000,2500,0.0,0,0,[0],10,7
singular1,5000,5000,0,0.7606093261126526,12781.501064536684,12775.290944457314,12780.74045521057,1,1000,2500,0.0,0,0,[0],10,7
singular2,5000,5000,0,0.7637047334853593,11030.613538207504,11028.461226672847,11029.84983347402,1,1000,2500,0.0,0,0,[0],10,7
regular,5000,5000,0,1.786451042715482,14758.133879676796,14763.366088612353,14756.34742863408,1,1000,2500,0.0,0,0,[0],10,9
e-singular,5000,5000,0,1.6420240066092466,13528.284352001216,13536.552308861177,13526.642327994607,1,1000,2500,0.0,0,0,[0],10,9
singular1,5000,5000,0,0.7245686488290035,12788.777539070152,12779.549541053022,12788.052970421322,1,1000,2500,0.0,0,0,[0],10,9
singular2,5000,5000,0,0.7733614411901618,11036.607791881017,11032.719823268555,11035.834430439827,1,1000,2500,0.0,0,0,[0],10,9
regular,50,50,1,1.4014053370946946,150.25305796825094,151.54867953410695,148.85165263115624,1,1000,2500,0.0,0,0,[0],5,2
e-singular,50,50,1,1.1622469940757651,137.76621900021462,139.62241376474597,136.60397200613886,1,1000,2500,0.0,0,0,[0],7,2
singular1,50,50,1,0.548044839653566,134.4193920633227,135.63804005392464,133.87134722366915,1,1000,2500,0.0,0,0,[0],8,2
singular2,50,50,1,0.5567249463549406,115.0271086679964,114.80952678497337,114.47038372164145,1,1000,2500,0.0,0,0,[0],7,2
regular,50,50,1,1.316157954532556,151.22455164465535,152.526685285464,149.9083936901228,1,1000,2500,0.0,0,0,[0],9,3
e-singular,50,50,1,0.95223092577027,138.36624517398752,140.60041951610302,137.41401424821726,1,1000,2500,0.0,0,0,[0],8,3
singular1,50,50,1,0.5615435879729193,136.6327455709835,136.6160458052817,136.07120198301058,1,1000,2500,0.0,0,0,[0],8,3
singular2,50,50,1,0.5764174027242537,116.87404552595282,115.7875325363304,116.29762812322856,1,1000,2500,0.0,0,0,[0],8,3
regular,50,50,1,1.293436835184218,153.4490137755627,154.48269678817806,152.15557694037847,1,1000,2500,0.0,0,0,[0],9,5
e-singular,50,50,1,0.823405022357808,140.81648321647702,142.55643101881708,139.99307819411922,1,1000,2500,0.0,0,0,[0],8,5
singular1,50,50,1,0.5921938308086366,140.6659468837507,138.57205730799575,140.07375305294207,1,1000,2500,0.0,0,0,[0],9,5
singular2,50,50,1,0.5225573802370608,119.38121584671082,117.74354403904448,118.85865846647376,1,1000,2500,0.0,0,0,[0],8,5
regular,50,50,1,1.2091522363142695,154.7876348261597,156.43870829089212,153.5784825898454,1,1000,2500,0.0,0,0,[0],9,7
e-singular,50,50,1,0.8112408112222812,143.61612132636574,144.51244252153117,142.80488051514345,1,1000,2500,0.0,0,0,[0],9,7
singular1,50,50,1,0.6148092873756926,144.25378137665956,140.5280688107098,143.63897208928387,1,1000,2500,0.0,0,0,[0],9,7
singular2,50,50,1,0.49704710770380445,122.14887762236116,119.69955554175856,121.65183051465735,1,1000,2500,0.0,0,0,[0],8,7
regular,50,50,1,1.03748374232876,155.88704902009317,158.3947197936062,154.8495652777644,1,1000,2500,0.0,0,0,[0],9,9
e-singular,50,50,1,0.7406084519526158,145.96755429374244,146.46845402424523,145.2269458417898,1,1000,2500,0.0,0,0,[0],8,9
singular1,50,50,1,0.5544834037025748,147.61374493079649,142.4840803134239,147.05926152709392,1,1000,2500,0.0,0,0,[0],9,9
singular2,50,50,1,0.49149417856991223,124.84412391625587,121.65556704447263,124.35262973768596,1,1000,2500,0.0,0,0,[0],8,9
regular,250,250,1,1.6482171188716488,756.061700650699,756.1556111585264,754.4134835318273,1,1000,2500,0.0,0,0,[0],5,2
e-singular,250,250,1,1.1707030527490443,677.7603704955463,678.6391468068656,676.5896674427973,1,1000,2500,0.0,0,0,[0],8,2
singular1,250,250,1,0.5384067358405913,634.3425220786894,633.117485993658,633.8041153428488,1,1000,2500,0.0,0,0,[0],8,2
singular2,250,250,1,0.6271357702909726,551.8904156943395,550.6067075125086,551.2632799240486,1,1000,2500,0.0,0,0,[0],8,2
regular,250,250,1,1.8183805984972519,757.5999535808887,757.535976387992,755.7815729823915,1,1000,2500,0.0,0,0,[0],10,3
e-singular,250,250,1,1.0954955170259455,679.6185775203287,680.0195120363312,678.5230820033028,1,1000,2500,0.0,0,0,[0],9,3
singular1,250,250,1,0.5859003202067369,637.198902766386,634.4978512231235,636.6130024461793,1,1000,2500,0.0,0,0,[0],9,3
singular2,250,250,1,0.5978575242263227,553.7882350883808,551.9870727419741,553.1903775641545,1,1000,2500,0.0,0,0,[0],9,3
regular,250,250,1,1.6383479252320918,758.9138119012096,760.2967068469231,757.2754639759775,1,1000,2500,0.0,0,0,[0],10,5
e-singular,250,250,1,1.017675297919834,683.850347348484,682.7802424952623,682.8326720505642,1,1000,2500,0.0,0,0,[0],9,5
singular1,250,250,1,0.5755998326788203,643.7091928907978,637.2585816820546,643.133593058119,1,1000,2500,0.0,0,0,[0],10,5
singular2,250,250,1,0.6101165825565521,557.8063472894097,554.7478032009052,557.1962307068532,1,1000,2500,0.0,0,0,[0],9,5
regular,250,250,1,1.5500458606335918,760.5181523896292,763.0574373058543,758.9681065289956,1,1000,2500,0.0,0,0,[0],10,7
e-singular,250,250,1,0.961626619646748,687.3877195386366,685.5409729541934,686.4260929189899,1,1000,2500,0.0,0,0,[0],9,7
singular1,250,250,1,0.6081893544734189,649.9358054072619,640.0193121409858,649.3276160527885,1,1000,2500,0.0,0,0,[0],10,7
singular2,250,250,1,0.5800560758173379,562.2267552284839,557.5085336598364,561.6466991526665,1,1000,2500,0.0,0,0,[0],9,7
regular,250,250,1,1.5947438566252856,763.6212800846777,765.8181677647854,762.0265362280524,1,1000,2500,0.0,0,0,[0],10,9
e-singular,250,250,1,0.8888868470446366,691.49928312518,688.3017034131245,690.6103962781353,1,1000,2500,0.0,0,0,[0],9,9
singular1,250,250,1,0.6096042482079048,656.4284358801332,642.7800425999169,655.8188316319253,1,1000,2500,0.0,0,0,[0],10,9
singular2,250,250,1,0.5676929887205536,567.354267753747,560.2692641187675,566.7865747650264,1,1000,2500,0.0,0,0,[0],9,9
regular,5000,5000,1,1.544190940157331,14896.236132484211,14897.995737919706,14894.691941544053,1,1000,2500,0.0,0,0,[0],5,2
e-singular,5000,5000,1,1.4794603583525774,13497.192455246131,13498.78493430496,13495.71299488778,1,1000,2500,0.0,0,0,[0],6,2
singular1,5000,5000,1,0.5984632502014928,12757.557874897255,12756.211754560816,12756.959411647053,1,1000,2500,0.0,0,0,[0],10,2
singular2,5000,5000,1,0.7115206429728888,11076.133720738102,11076.815744003412,11075.422200095129,1,1000,2500,0.0,0,0,[0],10,2
regular,5000,5000,1,1.811280882737569,14897.822526358757,14900.12503621756,14896.01124547602,1,1000,2500,0.0,0,0,[0],10,3
e-singular,5000,5000,1,1.364586243510135,13498.336234364418,13500.914232602814,13496.971648120909,1,1000,2500,0.0,0,0,[0],10,3
singular1,5000,5000,1,0.5614541586941655,12760.24633257288,12758.34105285867,12759.684878414186,1,1000,2500,0.0,0,0,[0],10,3
singular2,5000,5000,1,0.7434037612080652,11078.030443730455,11078.945042301266,11077.287039969247,1,1000,2500,0.0,0,0,[0],9,3
regular,5000,5000,1,1.867196843038108,14899.93452811914,14904.383632813267,14898.067331276101,1,1000,2500,0.0,0,0,[0],10,5
e-singular,5000,5000,1,1.53848239210539,13504.067637635459,13505.172829198522,13502.529155243354,1,1000,2500,0.0,0,0,[0],10,5
singular1,5000,5000,1,0.66166053867456,12767.027584341793,12762.59964945438,12766.365923803118,1,1000,2500,0.0,0,0,[0],10,5
singular2,5000,5000,1,0.7918469109632531,11083.403306302622,11083.203638896975,11082.611459391659,1,1000,2500,0.0,0,0,[0],10,5
regular,5000,5000,1,1.8490822007971728,14902.634668047867,14908.642229408975,14900.78558584707,1,1000,2500,0.0,0,0,[0],10,7
e-singular,5000,5000,1,1.523130382503635,13507.636286984369,13509.43142579423,13506.113156601865,1,1000,2500,0.0,0,0,[0],10,7
singular1,5000,5000,1,0.7083245407788712,12775.487192976057,12766.858246050087,12774.778868435278,1,1000,2500,0.0,0,0,[0],10,7
singular2,5000,5000,1,0.8170898844297587,11088.634803018771,11087.462235492683,11087.817713134342,1,1000,2500,0.0,0,0,[0],10,7
regular,5000,5000,1,1.9308236525165399,14906.032895697806,14912.900826004683,14904.10207204529,1,1000,2500,0.0,0,0,[0],10,9
e-singular,5000,5000,1,1.456665431608996,13510.948611721295,13513.690022389937,13509.491946289685,1,1000,2500,0.0,0,0,[0],10,9
singular1,5000,5000,1,0.6384310806562732,12781.36898516174,12771.116842645795,12780.730554081083,1,1000,2500,0.0,0,0,[0],10,9
singular2,5000,5000,1,0.7605698722804849,11092.747974757589,11091.720832088391,11091.987404885309,1,1000,2500,0.0,0,0,[0],10,9
regular,50,50,2,1.5507270825708295,150.70652041250517,152.9316413402454,149.15579332993434,1,1000,2500,0.0,0,0,[0],5,2
e-singular,50,50,2,1.2506093613414742,142.7304641528608,143.54476502722522,141.47985479151933,1,1000,2500,0.0,0,0,[0],7,2
singular1,50,50,2,0.48127572931702656,125.86053513029185,124.16916036586113,125.37925940097482,1,1000,2500,0.0,0,0,[0],8,2
singular2,50,50,2,0.45287451591139977,110.52170988637171,109.68673193417472,110.0688353704603,1,1000,2500,0.0,0,0,[0],7,2
regular,50,50,2,1.4773119205251866,151.02237573143833,153.90964709160244,149.54506381091315,1,1000,2500,0.0,0,0,[0],8,3
e-singular,50,50,2,1.2055621761042745,144.04452399173766,144.52277077858227,142.83896181563338,1,1000,2500,0.0,0,0,[0],8,3
singular1,50,50,2,0.4796725120204636,128.1794189414908,125.14716611721816,127.69974642947035,1,1000,2500,0.0,0,0,[0],9,3
singular2,50,50,2,0.450899624175829,112.34817553610284,110.66473768553175,111.89727591192701,1,1000,2500,0.0,0,0,[0],8,3
regular,50,50,2,1.426777547058978,152.73207042043848,155.8656585943165,151.3052928733795,1,1000,2500,0.0,0,0,[0],9,5
e-singular,50,50,2,0.9802377773574596,145.97009061252695,146.47878228129633,144.98985283516947,1,1000,2500,0.0,0,0,[0],9,5
singular1,50,50,2,0.5344266764573858,133.0054801562961,127.10317761993224,132.47105347983873,1,1000,2500,0.0,0,0,[0],9,5
singular2,50,50,2,0.46678528398824326,115.83136145761746,112.62074918824582,115.36457617362922,1,1000,2500,0.0,0,0,[0],8,5
regular,50,50,2,1.1705545064451786,153.4300378297593,157.82167009703056,152.25948332331413,1,1000,2500,0.0,0,0,[0],9,7
e-singular,50,50,2,0.9415985060807038,148.37641676719184,148.43479378401042,147.43481826111113,1,1000,2500,0.0,0,0,[0],8,7
singular1,50,50,2,0.5038240080342158,136.18344165786775,129.0591891226463,135.67961764983352,1,1000,2500,0.0,0,0,[0],9,7
singular2,50,50,2,0.48592352044633186,118.73335974102106,114.5767606909599,118.24743622057473,1,1000,2500,0.0,0,0,[0],8,7
regular,50,50,2,1.1035104862333518,154.46815353624822,159.77768159974465,153.36464305001488,1,1000,2500,0.0,0,0,[0],9,9
e-singular,50,50,2,0.8726189175248145,150.7200559122865,150.3908052867245,149.8474369947617,1,1000,2500,0.0,0,0,[0],9,9
singular1,50,50,2,0.49623278848347213,139.52075927739497,131.0152006253604,139.0245264889115,1,1000,2500,0.0,0,0,[0],9,9
singular2,50,50,2,0.4606628766370398,121.62130609662194,116.53277219367398,121.16064321998489,1,1000,2500,0.0,0,0,[0],8,9
regular,250,250,2,1.4336516172859635,728.5491585615338,729.1316991055972,727.1155069442478,1,1000,2500,0.0,0,0,[0],5,2
e-singular,250,250,2,1.30229421689257,685.1374614303345,688.0971132821306,683.8351672134419,1,1000,2500,0.0,0,0,[0],7,2
singular1,250,250,2,0.5234020506168839,634.569449075622,633.4346192085156,634.046047025005,1,1000,2500,0.0,0,0,[0],10,2
singular2,250,250,2,0.6513453530657022,554.9823115325587,554.3654344224393,554.330966179493,1,1000,2500,0.0,0,0,[0],7,2
regular,250,250,2,1.4157057527838592,730.0620579496186,730.5120643350629,728.6463521968348,1,1000,2500,0.0,0,0,[0],9,3
e-singular,250,250,2,1.3199136044604023,686.6985320577094,689.4774785115962,685.3786184532489,1,1000,2500,0.0,0,0,[0],8,3
singular1,250,250,2,0.5608869808444782,638.0347969653315,634.8149844379811,637.473909984487,1,1000,2500,0.0,0,0,[0],9,3
singular2,250,250,2,0.7123811980937518,556.9558134286452,555.7457996519048,556.2434322305514,1,1000,2500,0.0,0,0,[0],9,3
regular,250,250,2,1.4432167803921752,734.1236984362968,733.272794793994,732.6804816559046,1,1000,2500,0.0,0,0,[0],10,5
e-singular,250,250,2,1.2539885778725135,689.5546870170651,692.2382089705274,688.3006984391926,1,1000,2500,0.0,0,0,[0],9,5
singular1,250,250,2,0.5783281696314839,643.3772849757218,637.5757148969122,642.7989568060902,1,1000,2500,0.0,0,0,[0],9,5
singular2,250,250,2,0.651493241892854,560.6401097427442,558.5065301108359,559.9886165008514,1,1000,2500,0.0,0,0,[0],9,5
regular,250,250,2,1.2889163817857658,736.3362679290486,736.0335252529251,735.0473515472629,1,1000,2500,0.0,0,0,[0],10,7
e-singular,250,250,2,1.1174546583593543,692.6550622581323,694.9989394294585,691.5376075997729,1,1000,2500,0.0,0,0,[0],9,7
singular1,250,250,2,0.5600738491031766,650.3221056389341,640.3364453558435,649.7620317898309,1,1000,2500,0.0,0,0,[0],9,7
singular2,250,250,2,0.6426006806199919,564.7444016100292,561.2672605697671,564.1018009294091,1,1000,2500,0.0,0,0,[0],9,7
regular,250,250,2,1.3005430986646949,739.3903267345519,738.7942557118562,738.0897836358872,1,1000,2500,0.0,0,0,[0],10,9
e-singular,250,250,2,1.0952308638937658,696.2440459786067,697.7596698883896,695.1488151147129,1,1000,2500,0.0,0,0,[0],9,9
singular1,250,250,2,0.551985161974326,655.6412980848839,643.0971758147746,655.0893129229096,1,1000,2500,0.0,0,0,[0],10,9
singular2,250,250,2,0.633624641913133,568.6281603112482,564.0279910286982,567.994535669335,1,1000,2500,0.0,0,0,[0],9,9
regular,5000,5000,2,1.5267690743138425,14768.00671028738,14772.402964224902,14766.479941213067,1,1000,2500,0.0,0,0,[0],5,2
e-singular,5000,5000,2,1.550928443859564,13552.376634051483,13551.937493185336,13550.825705607624,1,1000,2500,0.0,0,0,[0],6,2
singular1,5000,5000,2,0.6967049388929248,12869.05967474945,12869.849619791568,12868.362969810556,1,1000,2500,0.0,0,0,[0],10,2
singular2,5000,5000,2,0.595891404391572,10980.051364342253,10979.945099031856,10979.455472937861,1,1000,2500,0.0,0,0,[0],9,2
regular,5000,5000,2,1.638904368660538,14769.663851713496,14774.532262522756,14768.024947344835,1,1000,2500,0.0,0,0,[0],10,3
e-singular,5000,5000,2,1.5849673843160461,13553.543255288436,13554.06679148319,13551.958287904119,1,1000,2500,0.0,0,0,[0],10,3
singular1,5000,5000,2,0.6822687193615249,12870.509605627618,12871.978918089422,12869.827336908256,1,1000,2500,0.0,0,0,[0],10,3
singular2,5000,5000,2,0.6754974231234843,10983.760676693308,10982.07439732971,10983.085179270185,1,1000,2500,0.0,0,0,[0],10,3
regular,5000,5000,2,1.8230274882844493,14774.101292469803,14778.790859118464,14772.278264981518,1,1000,2500,0.0,0,0,[0],10,5
e-singular,5000,5000,2,1.6548915532080515,13557.166760613176,13558.325388078898,13555.511869059968,1,1000,2500,0.0,0,0,[0],10,5
singular1,5000,5000,2,0.7790772963861406,12875.539338392213,12876.237514685132,12874.760261095827,1,1000,2500,0.0,0,0,[0],10,5
singular2,5000,5000,2,0.697397121841986,10988.99666385484,10986.33299392542,10988.299266732998,1,1000,2500,0.0,0,0,[0],9,5
regular,5000,5000,2,1.8380921096994456,14777.472483858124,14783.049455714172,14775.634391748425,1,1000,2500,0.0,0,0,[0],10,7
e-singular,5000,5000,2,1.520747991456381,13559.501808764446,13562.583984674606,13557.981060772989,1,1000,2500,0.0,0,0,[0],10,7
singular1,5000,5000,2,0.897131531554178,12882.888122524642,12880.49611128084,12881.990990993088,1,1000,2500,0.0,0,0,[0],10,7
singular2,5000,5000,2,0.7561652835126144,10995.283850485861,10990.591590521128,10994.527685202349,1,1000,2500,0.0,0,0,[0],10,7
regular,5000,5000,2,1.8807312246377095,14781.513411161346,14787.30805230988,14779.632679936709,1,1000,2500,0.0,0,0,[0],10,9
e-singular,5000,5000,2,1.514617284368871,13562.800121260014,13566.842581270314,13561.285503975645,1,1000,2500,0.0,0,0,[0],10,9
singular1,5000,5000,2,0.8298175719836023,12889.20924565966,12884.754707876547,12888.379428087677,1,1000,2500,0.0,0,0,[0],10,9
singular2,5000,5000,2,0.7587989273924354,11001.091808470666,10994.850187116836,11000.333009543274,1,1000,2500,0.0,0,0,[0],10,9
regular,50,50,3,1.3792503819612245,140.993378561353,144.4384516722929,139.6141281793918,1,1000,2500,0.0,0,0,[0],5,2
e-singular,50,50,3,1.0757640794746486,138.98888023109362,140.7446632534871,137.91311615161896,1,1000,2500,0.0,0,0,[0],7,2
singular1,50,50,3,0.7035374682796907,134.02918664391194,133.66885311247182,133.32564917563226,1,1000,2500,0.0,0,0,[0],9,2
singular2,50,50,3,0.7502580703200763,114.63847690881285,115.6284251708389,113.88821883849278,1,1000,2500,0.0,0,0,[0],7,2
regular,50,50,3,1.1380995668357141,141.218510593835,145.41645742364994,140.0804110269993,1,1000,2500,0.0,0,0,[0],8,3
e-singular,50,50,3,1.0240540711367057,139.94357189058056,141.72266900484414,138.91951781944385,1,1000,2500,0.0,0,0,[0],8,3
singular1,50,50,3,0.6569706374614561,136.05978323733655,134.64685886382887,135.4028125998751,1,1000,2500,0.0,0,0,[0],8,3
singular2,50,50,3,0.7381148865879089,116.14127290380212,116.60643092219593,115.40315801721421,1,1000,2500,0.0,0,0,[0],8,3
regular,50,50,3,1.1940584460849386,143.29765195593598,147.372468926364,142.10359350985104,1,1000,2500,0.0,0,0,[0],9,5
e-singular,50,50,3,0.8528005613087308,142.0969442807731,143.6786805075582,141.24414371946438,1,1000,2500,0.0,0,0,[0],8,5
singular1,50,50,3,0.6006925220896434,139.38654851003193,136.60287036654293,138.78585598794228,1,1000,2500,0.0,0,0,[0],9,5
singular2,50,50,3,0.5931452858494901,118.89116830471959,118.56244242491,118.2980230188701,1,1000,2500,0.0,0,0,[0],8,5
regular,50,50,3,1.0797826497642133,144.64538797056017,149.32848042907807,143.56560532079595,1,1000,2500,0.0,0,0,[0],9,7
e-singular,50,50,3,0.8489423894730743,145.277444568854,145.63469201027226,144.42850217938093,1,1000,2500,0.0,0,0,[0],8,7
singular1,50,50,3,0.5986813718145656,143.27998081050126,138.558881869257,142.6812994386867,1,1000,2500,0.0,0,0,[0],9,7
singular2,50,50,3,0.5347620476818695,121.10363984520713,120.51845392762408,120.56887779752526,1,1000,2500,0.0,0,0,[0],8,7
regular,50,50,3,1.04633164578659,146.34199795198808,151.28449193179216,145.2956663062015,1,1000,2500,0.0,0,0,[0],9,9
e-singular,50,50,3,0.8507150037866568,147.59699700449812,147.59070351298635,146.74628200071146,1,1000,2500,0.0,0,0,[0],8,9
singular1,50,50,3,0.574458432702006,146.44977921809343,140.51489337197108,145.8753207853914,1,1000,2500,0.0,0,0,[0],9,9
singular2,50,50,3,0.5099858889929304,123.57208222221574,122.47446543033816,123.06209633322281,1,1000,2500,0.0,0,0,[0],8,9
regular,250,250,3,1.673175172189831,748.8920752653349,750.082187901355,747.2189000931451,1,1000,2500,0.0,0,0,[0],5,2
e-singular,250,250,3,1.201366888231566,687.4455763459015,689.516216395239,686.24420945767,1,1000,2500,0.0,0,0,[0],7,2
singular1,250,250,3,0.7716867688257412,657.6187911048387,657.3891848506462,656.847104336013,1,1000,2500,0.0,0,0,[0],9,2
singular2,250,250,3,0.48938834050558316,532.3069017237641,532.3585254892341,531.8175133832585,1,1000,2500,0.0,0,0,[0],7,2
regular,250,250,3,1.594495831034853,748.7043379187686,751.4625531308207,747.1098420877338,1,1000,2500,0.0,0,0,[0],9,3
e-singular,250,250,3,1.1768692253525246,689.4655831001263,690.8965816247046,688.2887138747737,1,1000,2500,0.0,0,0,[0],8,3
singular1,250,250,3,0.8007843436144005,659.8969483780926,658.7695500801117,659.0961640344782,1,1000,2500,0.0,0,0,[0],9,3
singular2,250,250,3,0.5205034910808878,534.6918096308502,533.7388907186996,534.1713061397693,1,1000,2500,0.0,0,0,[0],8,3
regular,250,250,3,1.5170429459614891,750.4346626668682,754.2232835897518,748.9176197209067,1,1000,2500,0.0,0,0,[0],10,5
e-singular,250,250,3,1.0613635264031989,692.9669212174831,693.6573120836357,691.9055576910799,1,1000,2500,0.0,0,0,[0],9,5
singular1,250,250,3,0.7782110586923513,664.6402525954446,661.5302805390428,663.8620415367523,1,1000,2500,0.0,0,0,[0],9,5
singular2,250,250,3,0.5123256023990993,539.9638222378136,536.4996211776307,539.4514966354145,1,1000,2500,0.0,0,0,[0],9,5
regular,250,250,3,1.6263202777979737,752.9387957289031,756.9840140486829,751.3124754511051,1,1000,2500,0.0,0,0,[0],9,7
e-singular,250,250,3,0.9553720108655236,697.217348393097,696.4180425425668,696.2619763822315,1,1000,2500,0.0,0,0,[0],9,7
singular1,250,250,3,0.743962831642765,670.128951412634,664.291010997974,669.3849885809913,1,1000,2500,0.0,0,0,[0],9,7
singular2,250,250,3,0.5309991758307747,544.942747136724,539.260351636562,544.4117479608933,1,1000,2500,0.0,0,0,[0],9,7
regular,250,250,3,1.409431067920497,754.2808415630991,759.744744507614,752.8714104951786,1,1000,2500,0.0,0,0,[0],10,9
e-singular,250,250,3,1.0401324316362304,701.8720247620614,699.1787730014979,700.8318923304251,1,1000,2500,0.0,0,0,[0],9,9
singular1,250,250,3,0.7304286873699096,675.8957618036549,667.0517414569051,675.165333116285,1,1000,2500,0.0,0,0,[0],10,9
singular2,250,250,3,0.5190632321579052,549.6257996078074,542.021082095493,549.1067363756495,1,1000,2500,0.0,0,0,[0],9,9
regular,5000,5000,3,1.4529094933151971,14844.057158368909,14848.095157441532,14842.604248875594,1,1000,2500,0.0,0,0,[0],5,2
e-singular,5000,5000,3,1.349351869418243,13514.267349792715,13515.267962772505,13512.917997923298,1,1000,2500,0.0,0,0,[0],6,2
singular1,5000,5000,3,0.61860452500496,12838.440339183322,12838.902630294151,12837.821734658317,1,1000,2500,0.0,0,0,[0],9,2
singular2,5000,5000,3,0.8045946954934402,11136.020421030797,11139.18360168398,11135.215826335303,1,1000,2500,0.0,0,0,[0],10,2
regular,5000,5000,3,1.4640491995308953,14845.465367163302,14850.224455739386,14844.001317963772,1,1000,2500,0.0,0,0,[0],10,3
e-singular,5000,5000,3,1.5282257396672079,13517.876259770388,13517.397261070359,13516.348034030721,1,1000,2500,0.0,0,0,[0],9,3
singular1,5000,5000,3,0.7715582380279048,12841.560181319126,12841.031928592005,12840.788623081098,1,1000,2500,0.0,0,0,[0],10,3
singular2,5000,5000,3,0.8545429706720947,11137.001927798108,11141.312899981835,11136.147384827436,1,1000,2500,0.0,0,0,[0],9,3
regular,5000,5000,3,1.6550254664040618,14851.3950733925,14854.483052335094,14849.740047926096,1,1000,2500,0.0,0,0,[0],10,5
e-singular,5000,5000,3,1.460260378663276,13520.028643732821,13521.655857666066,13518.568383354159,1,1000,2500,0.0,0,0,[0],10,5
singular1,5000,5000,3,0.762313178359966,12846.85754679088,12845.290525187715,12846.09523361252,1,1000,2500,0.0,0,0,[0],10,5
singular2,5000,5000,3,0.8957506668218584,11140.3732946061,11145.571496577544,11139.47754393928,1,1000,2500,0.0,0,0,[0],9,5
regular,5000,5000,3,1.6947261952935342,14856.261553003009,14858.741648930802,14854.566826807715,1,1000,2500,0.0,0,0,[0],10,7
e-singular,5000,5000,3,1.4976132452359254,13524.549357115056,13525.914454261774,13523.05174386982,1,1000,2500,0.0,0,0,[0],10,7
singular1,5000,5000,3,0.7768663463349108,12853.578200827942,12849.549121783422,12852.801334481606,1,1000,2500,0.0,0,0,[0],10,7
singular2,5000,5000,3,0.9458634138577782,11145.26304619233,11149.830093173252,11144.317182778474,1,1000,2500,0.0,0,0,[0],10,7
regular,5000,5000,3,1.8362514693978864,14861.983281414128,14863.00024552651,14860.14702994473,1,1000,2500,0.0,0,0,[0],10,9
e-singular,5000,5000,3,1.4887340319919768,13528.150065268535,13530.173050857482,13526.661331236543,1,1000,2500,0.0,0,0,[0],10,9
singular1,5000,5000,3,0.7857628768797386,12860.110172066547,12853.80771837913,12859.324409189667,1,1000,2500,0.0,0,0,[0],10,9
singular2,5000,5000,3,0.9203272768266175,11148.717105132271,11154.08868976896,11147.796777855445,1,1000,2500,0.0,0,0,[0],10,9
