ctrial,cFE,cbeta,cm,cn,cchain_size,cname
1,16.3050322471192,0.434294481903252,-1,10,2000,AFE
2,16.305443275975,0.434294481903252,-1,10,2000,AFE
3,16.304705581526,0.434294481903252,-1,10,2000,AFE
4,16.3048932645369,0.434294481903252,-1,10,2000,AFE
5,17.7357515155663,0.434294481903252,-1,10,2000,AFE
1,15.5015733139167,0.434294481903252,0,10,2000,WBIC
2,15.4884734262888,0.434294481903252,0,10,2000,WBIC
3,15.5790011415733,0.434294481903252,0,10,2000,WBIC
4,15.5334573598029,0.434294481903252,0,10,2000,WBIC
5,15.5070728965903,0.434294481903252,0,10,2000,WBIC
1,21.6828697625647,0.434294481903252,-1,10,4000,AFE
2,16.3051773429752,0.434294481903252,-1,10,4000,AFE
3,16.3077091391927,0.434294481903252,-1,10,4000,AFE
4,16.3068328228401,0.434294481903252,-1,10,4000,AFE
5,16.3067824148381,0.434294481903252,-1,10,4000,AFE
1,15.5342099439465,0.434294481903252,0,10,4000,WBIC
2,15.5468958981801,0.434294481903252,0,10,4000,WBIC
3,15.5398380534027,0.434294481903252,0,10,4000,WBIC
4,15.4899297020752,0.434294481903252,0,10,4000,WBIC
5,15.545203553497,0.434294481903252,0,10,4000,WBIC
1,16.3037670854628,0.434294481903252,-1,10,6000,AFE
2,16.3025277650567,0.434294481903252,-1,10,6000,AFE
3,16.5513443773616,0.434294481903252,-1,10,6000,AFE
4,16.3013979303901,0.434294481903252,-1,10,6000,AFE
5,19.3082786989633,0.434294481903252,-1,10,6000,AFE
1,15.5943377397031,0.434294481903252,0,10,6000,WBIC
2,15.5490901782866,0.434294481903252,0,10,6000,WBIC
6,16.346963966872,0.434294481903252,-1,10,2000,AFE
7,16.3047697457571,0.434294481903252,-1,10,2000,AFE
8,16.3050073111006,0.434294481903252,-1,10,2000,AFE
9,16.3040825971917,0.434294481903252,-1,10,2000,AFE
10,16.4520036257766,0.434294481903252,-1,10,2000,AFE
6,15.6062437852955,0.434294481903252,0,10,2000,WBIC
7,15.5385378619544,0.434294481903252,0,10,2000,WBIC
8,15.5409177440793,0.434294481903252,0,10,2000,WBIC
9,15.5743904122719,0.434294481903252,0,10,2000,WBIC
10,15.5223060257499,0.434294481903252,0,10,2000,WBIC
6,16.3022118814498,0.434294481903252,-1,10,4000,AFE
7,16.338203214659,0.434294481903252,-1,10,4000,AFE
8,16.3060716575415,0.434294481903252,-1,10,4000,AFE
9,16.3089932311889,0.434294481903252,-1,10,4000,AFE
10,26.624568587749,0.434294481903252,-1,10,4000,AFE
6,15.5790999258015,0.434294481903252,0,10,4000,WBIC
7,15.5505667849496,0.434294481903252,0,10,4000,WBIC
8,15.5867860227788,0.434294481903252,0,10,4000,WBIC
9,15.5536793219266,0.434294481903252,0,10,4000,WBIC
10,15.5085739342958,0.434294481903252,0,10,4000,WBIC
6,16.3063217031415,0.434294481903252,-1,10,6000,AFE
7,16.3060674844948,0.434294481903252,-1,10,6000,AFE
8,16.3076225827564,0.434294481903252,-1,10,6000,AFE
9,16.3060014089602,0.434294481903252,-1,10,6000,AFE
10,16.306694146449,0.434294481903252,-1,10,6000,AFE
3,15.59509217746,0.434294481903252,0,10,6000,WBIC
4,15.5142595860079,0.434294481903252,0,10,6000,WBIC
5,15.541408843664,0.434294481903252,0,10,6000,WBIC
6,15.532511901254,0.434294481903252,0,10,6000,WBIC
7,15.5455718573411,0.434294481903252,0,10,6000,WBIC
8,15.5832816205469,0.434294481903252,0,10,6000,WBIC
9,15.5439681803571,0.434294481903252,0,10,6000,WBIC
10,15.5930712220179,0.434294481903252,0,10,6000,WBIC
1,16.304285743396,0.434294481903252,-1,10,10000,AFE
2,16.3091528359134,0.434294481903252,-1,10,10000,AFE
3,16.3063314352178,0.434294481903252,-1,10,10000,AFE
4,18.8813738793552,0.434294481903252,-1,10,10000,AFE
5,17.1227687179052,0.434294481903252,-1,10,10000,AFE
6,17.4339785978366,0.434294481903252,-1,10,10000,AFE
7,16.3043925462765,0.434294481903252,-1,10,10000,AFE
8,16.3083016131752,0.434294481903252,-1,10,10000,AFE
9,16.3086588975701,0.434294481903252,-1,10,10000,AFE
10,16.3047640606896,0.434294481903252,-1,10,10000,AFE
1,15.5407450568756,0.434294481903252,0,10,10000,WBIC
2,15.5457608289263,0.434294481903252,0,10,10000,WBIC
3,15.5388176057926,0.434294481903252,0,10,10000,WBIC
4,15.5484294214533,0.434294481903252,0,10,10000,WBIC
5,15.499086720594,0.434294481903252,0,10,10000,WBIC
6,15.5152290442412,0.434294481903252,0,10,10000,WBIC
7,15.5267622515231,0.434294481903252,0,10,10000,WBIC
8,15.541099241844,0.434294481903252,0,10,10000,WBIC
9,15.5469543232524,0.434294481903252,0,10,10000,WBIC
10,15.5322568715463,0.434294481903252,0,10,10000,WBIC
1,77.6688467237986,0.255622218635331,-1,50,2000,AFE
2,77.6623918545677,0.255622218635331,-1,50,2000,AFE
3,77.6622315744121,0.255622218635331,-1,50,2000,AFE
4,77.6622619693569,0.255622218635331,-1,50,2000,AFE
5,77.6625334485969,0.255622218635331,-1,50,2000,AFE
6,77.6622313237175,0.255622218635331,-1,50,2000,AFE
7,77.6624769984327,0.255622218635331,-1,50,2000,AFE
8,77.662422589104,0.255622218635331,-1,50,2000,AFE
9,77.6624086301129,0.255622218635331,-1,50,2000,AFE
10,83.130657017135,0.255622218635331,-1,50,2000,AFE
1,76.5489589325288,0.255622218635331,0,50,2000,WBIC
2,76.7278769451883,0.255622218635331,0,50,2000,WBIC
3,76.5133277053099,0.255622218635331,0,50,2000,WBIC
4,76.6677421607986,0.255622218635331,0,50,2000,WBIC
5,76.6472546542202,0.255622218635331,0,50,2000,WBIC
6,76.7672760881816,0.255622218635331,0,50,2000,WBIC
7,76.5593578394292,0.255622218635331,0,50,2000,WBIC
8,76.6785633667232,0.255622218635331,0,50,2000,WBIC
9,76.6146720691568,0.255622218635331,0,50,2000,WBIC
10,76.5262028947175,0.255622218635331,0,50,2000,WBIC
1,77.6624283943747,0.255622218635331,-1,50,4000,AFE
2,77.6620232631292,0.255622218635331,-1,50,4000,AFE
3,77.6624917852638,0.255622218635331,-1,50,4000,AFE
4,77.6656497168159,0.255622218635331,-1,50,4000,AFE
5,77.6722137023605,0.255622218635331,-1,50,4000,AFE
6,77.6622696514505,0.255622218635331,-1,50,4000,AFE
7,77.6624248018538,0.255622218635331,-1,50,4000,AFE
8,77.6728091997888,0.255622218635331,-1,50,4000,AFE
9,107.352588851348,0.255622218635331,-1,50,4000,AFE
10,77.6631687212533,0.255622218635331,-1,50,4000,AFE
1,76.4706326909286,0.255622218635331,0,50,4000,WBIC
2,76.6203888226785,0.255622218635331,0,50,4000,WBIC
3,76.7160301551379,0.255622218635331,0,50,4000,WBIC
4,76.4970989134742,0.255622218635331,0,50,4000,WBIC
5,76.6933375663388,0.255622218635331,0,50,4000,WBIC
6,76.5774743565824,0.255622218635331,0,50,4000,WBIC
7,76.5789130443466,0.255622218635331,0,50,4000,WBIC
8,76.5738829734909,0.255622218635331,0,50,4000,WBIC
9,76.7070660348697,0.255622218635331,0,50,4000,WBIC
10,76.5213734818143,0.255622218635331,0,50,4000,WBIC
1,77.6713072263429,0.255622218635331,-1,50,6000,AFE
2,77.6622883719894,0.255622218635331,-1,50,6000,AFE
3,77.6622751963308,0.255622218635331,-1,50,6000,AFE
4,77.6658630640884,0.255622218635331,-1,50,6000,AFE
5,77.6704421942851,0.255622218635331,-1,50,6000,AFE
6,79.6392303953528,0.255622218635331,-1,50,6000,AFE
7,77.6623179809482,0.255622218635331,-1,50,6000,AFE
8,77.662235542185,0.255622218635331,-1,50,6000,AFE
9,77.6624541812913,0.255622218635331,-1,50,6000,AFE
10,77.6719095192759,0.255622218635331,-1,50,6000,AFE
1,76.6416622438063,0.255622218635331,0,50,6000,WBIC
2,76.6551415449933,0.255622218635331,0,50,6000,WBIC
3,76.5857836817713,0.255622218635331,0,50,6000,WBIC
4,76.629702098859,0.255622218635331,0,50,6000,WBIC
5,76.5640322295714,0.255622218635331,0,50,6000,WBIC
6,76.7467019186909,0.255622218635331,0,50,6000,WBIC
7,76.6637027764391,0.255622218635331,0,50,6000,WBIC
8,76.5777150583825,0.255622218635331,0,50,6000,WBIC
9,76.5690830437126,0.255622218635331,0,50,6000,WBIC
10,76.6215333716901,0.255622218635331,0,50,6000,WBIC
1,77.6720260530751,0.255622218635331,-1,50,10000,AFE
2,77.6714315797764,0.255622218635331,-1,50,10000,AFE
3,77.6622744576587,0.255622218635331,-1,50,10000,AFE
4,77.6710467448583,0.255622218635331,-1,50,10000,AFE
5,77.6702732786806,0.255622218635331,-1,50,10000,AFE
6,78.9603765876532,0.255622218635331,-1,50,10000,AFE
7,77.6622691588914,0.255622218635331,-1,50,10000,AFE
8,77.6709425365374,0.255622218635331,-1,50,10000,AFE
9,77.662226991861,0.255622218635331,-1,50,10000,AFE
10,77.6628289807089,0.255622218635331,-1,50,10000,AFE
1,76.6094313782568,0.255622218635331,0,50,10000,WBIC
2,76.7148919331359,0.255622218635331,0,50,10000,WBIC
3,76.6601773399325,0.255622218635331,0,50,10000,WBIC
4,76.5976713581859,0.255622218635331,0,50,10000,WBIC
5,76.609885841604,0.255622218635331,0,50,10000,WBIC
6,76.6610882948806,0.255622218635331,0,50,10000,WBIC
7,76.6681561266466,0.255622218635331,0,50,10000,WBIC
8,76.5921707657017,0.255622218635331,0,50,10000,WBIC
9,76.5931034288099,0.255622218635331,0,50,10000,WBIC
10,76.6850052168668,0.255622218635331,0,50,10000,WBIC
1,153.06246649718,0.217147240951626,-1,100,2000,AFE
2,158.668824989902,0.217147240951626,-1,100,2000,AFE
3,153.062357221417,0.217147240951626,-1,100,2000,AFE
4,153.06255413444,0.217147240951626,-1,100,2000,AFE
5,153.062547357394,0.217147240951626,-1,100,2000,AFE
6,153.062374983304,0.217147240951626,-1,100,2000,AFE
7,153.062474404844,0.217147240951626,-1,100,2000,AFE
8,153.062673515509,0.217147240951626,-1,100,2000,AFE
9,153.062327241809,0.217147240951626,-1,100,2000,AFE
10,153.062371322872,0.217147240951626,-1,100,2000,AFE
1,152.153894255581,0.217147240951626,0,100,2000,WBIC
2,152.013852338455,0.217147240951626,0,100,2000,WBIC
3,151.994792814553,0.217147240951626,0,100,2000,WBIC
4,152.122970893305,0.217147240951626,0,100,2000,WBIC
5,152.230223974268,0.217147240951626,0,100,2000,WBIC
6,152.135191816174,0.217147240951626,0,100,2000,WBIC
7,152.181688949096,0.217147240951626,0,100,2000,WBIC
8,152.245153735021,0.217147240951626,0,100,2000,WBIC
9,152.031249185584,0.217147240951626,0,100,2000,WBIC
10,152.035777379746,0.217147240951626,0,100,2000,WBIC
1,156.612631591262,0.217147240951626,-1,100,4000,AFE
2,153.062627144532,0.217147240951626,-1,100,4000,AFE
3,153.062500008172,0.217147240951626,-1,100,4000,AFE
4,153.062474944992,0.217147240951626,-1,100,4000,AFE
5,153.062421862104,0.217147240951626,-1,100,4000,AFE
6,153.06245727319,0.217147240951626,-1,100,4000,AFE
7,153.062391287195,0.217147240951626,-1,100,4000,AFE
8,153.062579928532,0.217147240951626,-1,100,4000,AFE
9,165.688507023534,0.217147240951626,-1,100,4000,AFE
10,153.062456503142,0.217147240951626,-1,100,4000,AFE
1,152.153828072937,0.217147240951626,0,100,4000,WBIC
2,152.148803077053,0.217147240951626,0,100,4000,WBIC
3,152.186404965859,0.217147240951626,0,100,4000,WBIC
4,152.168908916377,0.217147240951626,0,100,4000,WBIC
5,152.231610720595,0.217147240951626,0,100,4000,WBIC
6,152.108587721305,0.217147240951626,0,100,4000,WBIC
7,152.180445883683,0.217147240951626,0,100,4000,WBIC
8,152.091947371192,0.217147240951626,0,100,4000,WBIC
9,152.067545526559,0.217147240951626,0,100,4000,WBIC
11,16.3369327336311,0.434294481903252,-1,10,2000,AFE
12,16.3058415882926,0.434294481903252,-1,10,2000,AFE
13,16.3045710626124,0.434294481903252,-1,10,2000,AFE
14,16.3075769340164,0.434294481903252,-1,10,2000,AFE
15,16.3015417795217,0.434294481903252,-1,10,2000,AFE
16,17.30738827523,0.434294481903252,-1,10,2000,AFE
17,16.2970819414863,0.434294481903252,-1,10,2000,AFE
18,16.3047218808865,0.434294481903252,-1,10,2000,AFE
19,16.3054004456991,0.434294481903252,-1,10,2000,AFE
20,16.3062166650009,0.434294481903252,-1,10,2000,AFE
11,15.5522397658172,0.434294481903252,0,10,2000,WBIC
12,15.5096438850993,0.434294481903252,0,10,2000,WBIC
13,15.4981575572569,0.434294481903252,0,10,2000,WBIC
14,15.5058841685755,0.434294481903252,0,10,2000,WBIC
15,15.5954191584223,0.434294481903252,0,10,2000,WBIC
16,15.4417265477614,0.434294481903252,0,10,2000,WBIC
17,15.5092369546487,0.434294481903252,0,10,2000,WBIC
18,15.574206969157,0.434294481903252,0,10,2000,WBIC
19,15.5355384379796,0.434294481903252,0,10,2000,WBIC
20,15.5033700437218,0.434294481903252,0,10,2000,WBIC
11,16.3044321675041,0.434294481903252,-1,10,4000,AFE
12,17.9301304263805,0.434294481903252,-1,10,4000,AFE
13,17.6588561176186,0.434294481903252,-1,10,4000,AFE
14,24.6350317416482,0.434294481903252,-1,10,4000,AFE
15,16.3394658596271,0.434294481903252,-1,10,4000,AFE
16,17.3203864266942,0.434294481903252,-1,10,4000,AFE
17,16.3122931781101,0.434294481903252,-1,10,4000,AFE
18,16.3082158982132,0.434294481903252,-1,10,4000,AFE
19,16.3163002828305,0.434294481903252,-1,10,4000,AFE
20,16.2997357766356,0.434294481903252,-1,10,4000,AFE
11,15.5523800749246,0.434294481903252,0,10,4000,WBIC
12,15.5568118460266,0.434294481903252,0,10,4000,WBIC
13,15.5434821063093,0.434294481903252,0,10,4000,WBIC
14,15.5610523961025,0.434294481903252,0,10,4000,WBIC
15,15.605082606013,0.434294481903252,0,10,4000,WBIC
16,15.5313173217314,0.434294481903252,0,10,4000,WBIC
17,15.5766281698026,0.434294481903252,0,10,4000,WBIC
18,15.6008226894615,0.434294481903252,0,10,4000,WBIC
19,15.541585608291,0.434294481903252,0,10,4000,WBIC
20,15.5746263234966,0.434294481903252,0,10,4000,WBIC
11,16.3046286900374,0.434294481903252,-1,10,6000,AFE
12,17.9683395621988,0.434294481903252,-1,10,6000,AFE
13,16.2996946477539,0.434294481903252,-1,10,6000,AFE
14,16.7775024795154,0.434294481903252,-1,10,6000,AFE
15,16.3195504378572,0.434294481903252,-1,10,6000,AFE
16,16.3045812682371,0.434294481903252,-1,10,6000,AFE
17,16.3060685895204,0.434294481903252,-1,10,6000,AFE
18,16.9225508417322,0.434294481903252,-1,10,6000,AFE
19,16.3033888586481,0.434294481903252,-1,10,6000,AFE
20,16.3047115308491,0.434294481903252,-1,10,6000,AFE
11,15.5523359856691,0.434294481903252,0,10,6000,WBIC
12,15.5826494422534,0.434294481903252,0,10,6000,WBIC
13,15.4969485881298,0.434294481903252,0,10,6000,WBIC
14,15.5939637106224,0.434294481903252,0,10,6000,WBIC
15,15.5249009762062,0.434294481903252,0,10,6000,WBIC
16,15.5841401310514,0.434294481903252,0,10,6000,WBIC
17,15.5324517383805,0.434294481903252,0,10,6000,WBIC
18,15.5929127483215,0.434294481903252,0,10,6000,WBIC
19,15.5387264349396,0.434294481903252,0,10,6000,WBIC
20,15.5751638300373,0.434294481903252,0,10,6000,WBIC
11,16.3090469539373,0.434294481903252,-1,10,10000,AFE
12,16.3011385044637,0.434294481903252,-1,10,10000,AFE
13,16.3073971660106,0.434294481903252,-1,10,10000,AFE
14,16.3050738576529,0.434294481903252,-1,10,10000,AFE
15,17.3946129338575,0.434294481903252,-1,10,10000,AFE
16,16.8329273124975,0.434294481903252,-1,10,10000,AFE
17,17.9634514626096,0.434294481903252,-1,10,10000,AFE
18,16.3601353178695,0.434294481903252,-1,10,10000,AFE
19,16.2978824087577,0.434294481903252,-1,10,10000,AFE
20,22.1139461957625,0.434294481903252,-1,10,10000,AFE
11,15.5290766665184,0.434294481903252,0,10,10000,WBIC
12,15.5626041850643,0.434294481903252,0,10,10000,WBIC
13,15.5455898252816,0.434294481903252,0,10,10000,WBIC
14,15.5071484490018,0.434294481903252,0,10,10000,WBIC
15,15.583364238851,0.434294481903252,0,10,10000,WBIC
16,15.550484612258,0.434294481903252,0,10,10000,WBIC
17,15.5738592566847,0.434294481903252,0,10,10000,WBIC
18,15.5453676416802,0.434294481903252,0,10,10000,WBIC
19,15.5686933189212,0.434294481903252,0,10,10000,WBIC
20,15.5516355969184,0.434294481903252,0,10,10000,WBIC
11,95.0178134425449,0.255622218635331,-1,50,2000,AFE
12,78.1515000746611,0.255622218635331,-1,50,2000,AFE
13,77.6827722685621,0.255622218635331,-1,50,2000,AFE
14,77.6730542855396,0.255622218635331,-1,50,2000,AFE
15,77.6713479751368,0.255622218635331,-1,50,2000,AFE
16,80.9227042303862,0.255622218635331,-1,50,2000,AFE
17,77.6622370602376,0.255622218635331,-1,50,2000,AFE
18,77.6661725634752,0.255622218635331,-1,50,2000,AFE
19,77.662275758203,0.255622218635331,-1,50,2000,AFE
20,77.6669028688909,0.255622218635331,-1,50,2000,AFE
11,76.6677593284499,0.255622218635331,0,50,2000,WBIC
12,76.4955307994879,0.255622218635331,0,50,2000,WBIC
13,76.7666824510238,0.255622218635331,0,50,2000,WBIC
14,76.5186957295449,0.255622218635331,0,50,2000,WBIC
15,76.6580094373215,0.255622218635331,0,50,2000,WBIC
16,76.6567858697018,0.255622218635331,0,50,2000,WBIC
17,76.6659735402784,0.255622218635331,0,50,2000,WBIC
18,76.7635378736253,0.255622218635331,0,50,2000,WBIC
19,76.5129093221188,0.255622218635331,0,50,2000,WBIC
20,76.7012546646159,0.255622218635331,0,50,2000,WBIC
11,77.6643723622783,0.255622218635331,-1,50,4000,AFE
12,77.6646256563024,0.255622218635331,-1,50,4000,AFE
13,77.6712755010169,0.255622218635331,-1,50,4000,AFE
14,77.6715156391004,0.255622218635331,-1,50,4000,AFE
15,81.0496231198882,0.255622218635331,-1,50,4000,AFE
16,77.6644890891999,0.255622218635331,-1,50,4000,AFE
17,79.8018339332166,0.255622218635331,-1,50,4000,AFE
18,77.6629054636509,0.255622218635331,-1,50,4000,AFE
19,77.6656915221151,0.255622218635331,-1,50,4000,AFE
20,77.6606334234119,0.255622218635331,-1,50,4000,AFE
11,76.7248835849631,0.255622218635331,0,50,4000,WBIC
12,76.5522275484808,0.255622218635331,0,50,4000,WBIC
13,76.546678839024,0.255622218635331,0,50,4000,WBIC
14,76.6223243170674,0.255622218635331,0,50,4000,WBIC
15,76.6518468554925,0.255622218635331,0,50,4000,WBIC
16,76.6286603415876,0.255622218635331,0,50,4000,WBIC
17,76.6191928505989,0.255622218635331,0,50,4000,WBIC
18,76.5793975553445,0.255622218635331,0,50,4000,WBIC
19,76.5233505423817,0.255622218635331,0,50,4000,WBIC
20,76.6884020419186,0.255622218635331,0,50,4000,WBIC
11,77.6612556127693,0.255622218635331,-1,50,6000,AFE
12,77.6650511753222,0.255622218635331,-1,50,6000,AFE
13,77.6623226498054,0.255622218635331,-1,50,6000,AFE
14,77.6624621187535,0.255622218635331,-1,50,6000,AFE
15,77.6625945045461,0.255622218635331,-1,50,6000,AFE
16,79.3187666376697,0.255622218635331,-1,50,6000,AFE
17,77.6715752167025,0.255622218635331,-1,50,6000,AFE
18,77.6676947287973,0.255622218635331,-1,50,6000,AFE
19,77.6649167729679,0.255622218635331,-1,50,6000,AFE
20,77.6624631061113,0.255622218635331,-1,50,6000,AFE
11,76.6615070904118,0.255622218635331,0,50,6000,WBIC
12,76.7151297294205,0.255622218635331,0,50,6000,WBIC
13,76.6588497413224,0.255622218635331,0,50,6000,WBIC
14,76.6817342873449,0.255622218635331,0,50,6000,WBIC
15,76.5473535280414,0.255622218635331,0,50,6000,WBIC
16,76.5883726133944,0.255622218635331,0,50,6000,WBIC
17,76.7005042621927,0.255622218635331,0,50,6000,WBIC
18,76.5469893935946,0.255622218635331,0,50,6000,WBIC
19,76.6751283984381,0.255622218635331,0,50,6000,WBIC
20,76.56755211469,0.255622218635331,0,50,6000,WBIC
11,77.6625754787629,0.255622218635331,-1,50,10000,AFE
12,77.6652905341791,0.255622218635331,-1,50,10000,AFE
13,77.6624463866611,0.255622218635331,-1,50,10000,AFE
14,77.6624908935667,0.255622218635331,-1,50,10000,AFE
15,77.6623809589036,0.255622218635331,-1,50,10000,AFE
16,77.6745243710954,0.255622218635331,-1,50,10000,AFE
17,77.6619736924872,0.255622218635331,-1,50,10000,AFE
18,77.6624363946016,0.255622218635331,-1,50,10000,AFE
19,77.6624066846131,0.255622218635331,-1,50,10000,AFE
20,77.6623115711171,0.255622218635331,-1,50,10000,AFE
11,76.5171170533883,0.255622218635331,0,50,10000,WBIC
12,76.6384501004099,0.255622218635331,0,50,10000,WBIC
13,76.5707656959228,0.255622218635331,0,50,10000,WBIC
14,76.6704084055381,0.255622218635331,0,50,10000,WBIC
15,76.5896443822971,0.255622218635331,0,50,10000,WBIC
16,76.5980967392051,0.255622218635331,0,50,10000,WBIC
17,76.5621751622143,0.255622218635331,0,50,10000,WBIC
18,76.637780239966,0.255622218635331,0,50,10000,WBIC
19,76.6837229945612,0.255622218635331,0,50,10000,WBIC
20,76.5670563478033,0.255622218635331,0,50,10000,WBIC
11,225.272487312992,0.217147240951626,-1,100,2000,AFE
12,153.062453675273,0.217147240951626,-1,100,2000,AFE
13,153.062554911359,0.217147240951626,-1,100,2000,AFE
14,161.030830829829,0.217147240951626,-1,100,2000,AFE
15,153.062462898375,0.217147240951626,-1,100,2000,AFE
16,232.388189398041,0.217147240951626,-1,100,2000,AFE
17,153.062527668125,0.217147240951626,-1,100,2000,AFE
18,153.062515885048,0.217147240951626,-1,100,2000,AFE
19,153.062547198214,0.217147240951626,-1,100,2000,AFE
20,153.062438643234,0.217147240951626,-1,100,2000,AFE
11,152.137254910647,0.217147240951626,0,100,2000,WBIC
12,152.282855098368,0.217147240951626,0,100,2000,WBIC
13,152.085904661759,0.217147240951626,0,100,2000,WBIC
14,151.996535411756,0.217147240951626,0,100,2000,WBIC
15,152.108428103095,0.217147240951626,0,100,2000,WBIC
16,152.147554617942,0.217147240951626,0,100,2000,WBIC
17,152.30543720632,0.217147240951626,0,100,2000,WBIC
18,152.18627411575,0.217147240951626,0,100,2000,WBIC
19,152.158864452923,0.217147240951626,0,100,2000,WBIC
20,152.052365570617,0.217147240951626,0,100,2000,WBIC
11,153.062559661714,0.217147240951626,-1,100,4000,AFE
12,191.746471565764,0.217147240951626,-1,100,4000,AFE
13,161.717935615693,0.217147240951626,-1,100,4000,AFE
14,153.062508491258,0.217147240951626,-1,100,4000,AFE
15,153.062527234259,0.217147240951626,-1,100,4000,AFE
16,153.062456765112,0.217147240951626,-1,100,4000,AFE
17,153.06247645857,0.217147240951626,-1,100,4000,AFE
18,153.062535259909,0.217147240951626,-1,100,4000,AFE
19,153.062488421115,0.217147240951626,-1,100,4000,AFE
20,191.706106567705,0.217147240951626,-1,100,4000,AFE
10,152.017098680163,0.217147240951626,0,100,4000,WBIC
11,152.106101070813,0.217147240951626,0,100,4000,WBIC
12,152.051211055458,0.217147240951626,0,100,4000,WBIC
13,152.201746161661,0.217147240951626,0,100,4000,WBIC
14,152.187843938593,0.217147240951626,0,100,4000,WBIC
15,152.089583845624,0.217147240951626,0,100,4000,WBIC
16,152.209684995663,0.217147240951626,0,100,4000,WBIC
17,152.142726086174,0.217147240951626,0,100,4000,WBIC
18,152.033192892686,0.217147240951626,0,100,4000,WBIC
19,152.216523608874,0.217147240951626,0,100,4000,WBIC
20,152.144334614052,0.217147240951626,0,100,4000,WBIC
1,166.923676913258,0.217147240951626,-1,100,6000,AFE
2,165.394667285538,0.217147240951626,-1,100,6000,AFE
3,153.06240469052,0.217147240951626,-1,100,6000,AFE
4,153.06243658103,0.217147240951626,-1,100,6000,AFE
5,153.062315061287,0.217147240951626,-1,100,6000,AFE
6,153.062502215689,0.217147240951626,-1,100,6000,AFE
7,153.062491440481,0.217147240951626,-1,100,6000,AFE
8,153.062204002808,0.217147240951626,-1,100,6000,AFE
9,153.062466584235,0.217147240951626,-1,100,6000,AFE
10,153.062624310725,0.217147240951626,-1,100,6000,AFE
11,289.220030234644,0.217147240951626,-1,100,6000,AFE
12,153.062648255668,0.217147240951626,-1,100,6000,AFE
13,153.062476270169,0.217147240951626,-1,100,6000,AFE
14,153.062304141525,0.217147240951626,-1,100,6000,AFE
15,186.438186402666,0.217147240951626,-1,100,6000,AFE
16,153.062463702894,0.217147240951626,-1,100,6000,AFE
17,153.062462814125,0.217147240951626,-1,100,6000,AFE
18,153.062404069651,0.217147240951626,-1,100,6000,AFE
19,153.062439746607,0.217147240951626,-1,100,6000,AFE
20,153.062761829019,0.217147240951626,-1,100,6000,AFE
1,152.141757798004,0.217147240951626,0,100,6000,WBIC
2,152.217301535708,0.217147240951626,0,100,6000,WBIC
3,152.088039569311,0.217147240951626,0,100,6000,WBIC
4,152.11210515997,0.217147240951626,0,100,6000,WBIC
5,152.175996729589,0.217147240951626,0,100,6000,WBIC
6,152.179999089161,0.217147240951626,0,100,6000,WBIC
7,152.158217392537,0.217147240951626,0,100,6000,WBIC
8,152.048431868635,0.217147240951626,0,100,6000,WBIC
9,152.261805532853,0.217147240951626,0,100,6000,WBIC
10,152.115602914608,0.217147240951626,0,100,6000,WBIC
11,152.158933775988,0.217147240951626,0,100,6000,WBIC
12,152.100914726456,0.217147240951626,0,100,6000,WBIC
13,152.070925275645,0.217147240951626,0,100,6000,WBIC
14,152.154525889234,0.217147240951626,0,100,6000,WBIC
15,152.124318040548,0.217147240951626,0,100,6000,WBIC
16,152.198739966229,0.217147240951626,0,100,6000,WBIC
17,152.244829728672,0.217147240951626,0,100,6000,WBIC
18,152.092432092134,0.217147240951626,0,100,6000,WBIC
19,152.145770725764,0.217147240951626,0,100,6000,WBIC
20,152.186182182677,0.217147240951626,0,100,6000,WBIC
1,153.062360411955,0.217147240951626,-1,100,10000,AFE
2,153.062475925407,0.217147240951626,-1,100,10000,AFE
3,153.062621148283,0.217147240951626,-1,100,10000,AFE
4,153.062638016489,0.217147240951626,-1,100,10000,AFE
5,165.859329429547,0.217147240951626,-1,100,10000,AFE
6,153.062329861509,0.217147240951626,-1,100,10000,AFE
7,153.062489200284,0.217147240951626,-1,100,10000,AFE
8,153.062497890976,0.217147240951626,-1,100,10000,AFE
9,153.550746454383,0.217147240951626,-1,100,10000,AFE
10,153.062683786919,0.217147240951626,-1,100,10000,AFE
11,153.062157699022,0.217147240951626,-1,100,10000,AFE
12,153.062465593342,0.217147240951626,-1,100,10000,AFE
13,207.275972357923,0.217147240951626,-1,100,10000,AFE
14,153.062416871483,0.217147240951626,-1,100,10000,AFE
15,153.062222603711,0.217147240951626,-1,100,10000,AFE
16,153.062247020927,0.217147240951626,-1,100,10000,AFE
17,153.062498782164,0.217147240951626,-1,100,10000,AFE
18,153.062460051903,0.217147240951626,-1,100,10000,AFE
19,153.062467864121,0.217147240951626,-1,100,10000,AFE
20,153.062425380034,0.217147240951626,-1,100,10000,AFE
1,152.10184289667,0.217147240951626,0,100,10000,WBIC
2,152.207589798511,0.217147240951626,0,100,10000,WBIC
3,152.158456694398,0.217147240951626,0,100,10000,WBIC
4,152.173225364829,0.217147240951626,0,100,10000,WBIC
5,152.09083873834,0.217147240951626,0,100,10000,WBIC
6,152.152486085471,0.217147240951626,0,100,10000,WBIC
7,152.272564301121,0.217147240951626,0,100,10000,WBIC
8,152.229020254657,0.217147240951626,0,100,10000,WBIC
9,152.159406681589,0.217147240951626,0,100,10000,WBIC
10,152.04274654482,0.217147240951626,0,100,10000,WBIC
11,152.084649931441,0.217147240951626,0,100,10000,WBIC
12,152.150174019277,0.217147240951626,0,100,10000,WBIC
13,152.16188573431,0.217147240951626,0,100,10000,WBIC
14,152.212912781728,0.217147240951626,0,100,10000,WBIC
15,152.227083940158,0.217147240951626,0,100,10000,WBIC
16,152.283394277167,0.217147240951626,0,100,10000,WBIC
17,152.174529450163,0.217147240951626,0,100,10000,WBIC
18,152.130721380718,0.217147240951626,0,100,10000,WBIC
19,152.158346277792,0.217147240951626,0,100,10000,WBIC
20,152.217778201897,0.217147240951626,0,100,10000,WBIC
1,413.834575603271,0.181111487498706,-1,250,2000,AFE
2,378.259171892398,0.181111487498706,-1,250,2000,AFE
3,378.258793546074,0.181111487498706,-1,250,2000,AFE
4,378.259299717729,0.181111487498706,-1,250,2000,AFE
5,378.259152091366,0.181111487498706,-1,250,2000,AFE
6,378.25931009306,0.181111487498706,-1,250,2000,AFE
7,378.259257367199,0.181111487498706,-1,250,2000,AFE
8,378.259458261266,0.181111487498706,-1,250,2000,AFE
9,378.259266642758,0.181111487498706,-1,250,2000,AFE
10,378.259339233992,0.181111487498706,-1,250,2000,AFE
11,378.259232161942,0.181111487498706,-1,250,2000,AFE
12,378.259244294893,0.181111487498706,-1,250,2000,AFE
13,378.259299231673,0.181111487498706,-1,250,2000,AFE
14,378.259433710025,0.181111487498706,-1,250,2000,AFE
15,378.259137161321,0.181111487498706,-1,250,2000,AFE
16,423.924843004193,0.181111487498706,-1,250,2000,AFE
17,378.258829049502,0.181111487498706,-1,250,2000,AFE
18,378.259190752144,0.181111487498706,-1,250,2000,AFE
19,378.259274128537,0.181111487498706,-1,250,2000,AFE
20,378.259205759543,0.181111487498706,-1,250,2000,AFE
1,377.668135354619,0.181111487498706,0,250,2000,WBIC
2,377.867328218608,0.181111487498706,0,250,2000,WBIC
3,377.496805452428,0.181111487498706,0,250,2000,WBIC
4,378.198371864884,0.181111487498706,0,250,2000,WBIC
5,377.625472644185,0.181111487498706,0,250,2000,WBIC
6,378.106615156035,0.181111487498706,0,250,2000,WBIC
7,378.081726706655,0.181111487498706,0,250,2000,WBIC
8,378.022045813398,0.181111487498706,0,250,2000,WBIC
9,377.94136707532,0.181111487498706,0,250,2000,WBIC
10,378.016219305365,0.181111487498706,0,250,2000,WBIC
11,377.707967909528,0.181111487498706,0,250,2000,WBIC
12,378.05288429098,0.181111487498706,0,250,2000,WBIC
13,377.739217384183,0.181111487498706,0,250,2000,WBIC
14,378.102897021087,0.181111487498706,0,250,2000,WBIC
15,377.862413497964,0.181111487498706,0,250,2000,WBIC
16,378.134696210285,0.181111487498706,0,250,2000,WBIC
17,377.884437700459,0.181111487498706,0,250,2000,WBIC
18,378.085305596216,0.181111487498706,0,250,2000,WBIC
19,378.12150526506,0.181111487498706,0,250,2000,WBIC
20,377.830592281571,0.181111487498706,0,250,2000,WBIC
1,378.259553954606,0.181111487498706,-1,250,4000,AFE
2,378.259240715782,0.181111487498706,-1,250,4000,AFE
3,378.259193662818,0.181111487498706,-1,250,4000,AFE
4,378.259633599084,0.181111487498706,-1,250,4000,AFE
5,378.259416469874,0.181111487498706,-1,250,4000,AFE
6,421.82920973054,0.181111487498706,-1,250,4000,AFE
7,466.592231751234,0.181111487498706,-1,250,4000,AFE
8,378.259040050977,0.181111487498706,-1,250,4000,AFE
9,420.578005746025,0.181111487498706,-1,250,4000,AFE
10,378.259179707565,0.181111487498706,-1,250,4000,AFE
11,378.259245464074,0.181111487498706,-1,250,4000,AFE
12,378.259233568641,0.181111487498706,-1,250,4000,AFE
13,378.25909254469,0.181111487498706,-1,250,4000,AFE
14,378.259696257671,0.181111487498706,-1,250,4000,AFE
15,378.259326623964,0.181111487498706,-1,250,4000,AFE
16,378.259464033445,0.181111487498706,-1,250,4000,AFE
17,391.968443384761,0.181111487498706,-1,250,4000,AFE
18,378.259256642955,0.181111487498706,-1,250,4000,AFE
19,378.259356173311,0.181111487498706,-1,250,4000,AFE
20,378.259355387461,0.181111487498706,-1,250,4000,AFE
1,377.76591304321,0.181111487498706,0,250,4000,WBIC
2,377.944005427718,0.181111487498706,0,250,4000,WBIC
3,377.990224280912,0.181111487498706,0,250,4000,WBIC
4,377.906907808966,0.181111487498706,0,250,4000,WBIC
5,378.078554854491,0.181111487498706,0,250,4000,WBIC
6,378.027747385321,0.181111487498706,0,250,4000,WBIC
7,377.909906678072,0.181111487498706,0,250,4000,WBIC
8,378.009175092017,0.181111487498706,0,250,4000,WBIC
9,377.903226290088,0.181111487498706,0,250,4000,WBIC
10,377.938784121483,0.181111487498706,0,250,4000,WBIC
11,378.030826769143,0.181111487498706,0,250,4000,WBIC
12,377.733104173053,0.181111487498706,0,250,4000,WBIC
13,377.90427213783,0.181111487498706,0,250,4000,WBIC
14,378.040412272199,0.181111487498706,0,250,4000,WBIC
15,378.109882813336,0.181111487498706,0,250,4000,WBIC
16,378.026217293688,0.181111487498706,0,250,4000,WBIC
17,377.963719806808,0.181111487498706,0,250,4000,WBIC
18,378.047592773192,0.181111487498706,0,250,4000,WBIC
19,377.921383577686,0.181111487498706,0,250,4000,WBIC
20,378.035153144737,0.181111487498706,0,250,4000,WBIC
1,378.259439118454,0.181111487498706,-1,250,6000,AFE
2,378.259010401644,0.181111487498706,-1,250,6000,AFE
3,378.259268851115,0.181111487498706,-1,250,6000,AFE
4,378.259213014261,0.181111487498706,-1,250,6000,AFE
5,378.259312398611,0.181111487498706,-1,250,6000,AFE
6,378.259277893841,0.181111487498706,-1,250,6000,AFE
7,378.259392278062,0.181111487498706,-1,250,6000,AFE
8,378.259297107231,0.181111487498706,-1,250,6000,AFE
9,378.25897827837,0.181111487498706,-1,250,6000,AFE
10,378.259322143864,0.181111487498706,-1,250,6000,AFE
11,378.259296047129,0.181111487498706,-1,250,6000,AFE
12,378.259470419384,0.181111487498706,-1,250,6000,AFE
13,378.259302540974,0.181111487498706,-1,250,6000,AFE
14,378.259478696993,0.181111487498706,-1,250,6000,AFE
15,378.259448310368,0.181111487498706,-1,250,6000,AFE
16,379.844647373739,0.181111487498706,-1,250,6000,AFE
17,378.259119183656,0.181111487498706,-1,250,6000,AFE
18,378.259385236556,0.181111487498706,-1,250,6000,AFE
19,378.259277859497,0.181111487498706,-1,250,6000,AFE
20,378.259277686351,0.181111487498706,-1,250,6000,AFE
1,378.01147632587,0.181111487498706,0,250,6000,WBIC
2,377.834493327061,0.181111487498706,0,250,6000,WBIC
3,377.946906582245,0.181111487498706,0,250,6000,WBIC
4,378.065065872467,0.181111487498706,0,250,6000,WBIC
5,378.069995001593,0.181111487498706,0,250,6000,WBIC
6,378.025058470641,0.181111487498706,0,250,6000,WBIC
7,377.858230770044,0.181111487498706,0,250,6000,WBIC
8,377.808321875174,0.181111487498706,0,250,6000,WBIC
9,377.994200949883,0.181111487498706,0,250,6000,WBIC
10,377.987503189583,0.181111487498706,0,250,6000,WBIC
11,377.865838468725,0.181111487498706,0,250,6000,WBIC
12,377.874373134288,0.181111487498706,0,250,6000,WBIC
13,377.98822293355,0.181111487498706,0,250,6000,WBIC
14,377.961139968352,0.181111487498706,0,250,6000,WBIC
15,377.985941165631,0.181111487498706,0,250,6000,WBIC
16,378.046434056641,0.181111487498706,0,250,6000,WBIC
17,378.073636580553,0.181111487498706,0,250,6000,WBIC
18,377.921785876495,0.181111487498706,0,250,6000,WBIC
19,377.645337637702,0.181111487498706,0,250,6000,WBIC
20,378.152563224244,0.181111487498706,0,250,6000,WBIC
1,378.259560444163,0.181111487498706,-1,250,10000,AFE
2,378.259340697266,0.181111487498706,-1,250,10000,AFE
3,378.259376439886,0.181111487498706,-1,250,10000,AFE
4,378.259259195572,0.181111487498706,-1,250,10000,AFE
5,378.259301341904,0.181111487498706,-1,250,10000,AFE
6,378.25900031045,0.181111487498706,-1,250,10000,AFE
7,384.338656377547,0.181111487498706,-1,250,10000,AFE
8,378.259255130566,0.181111487498706,-1,250,10000,AFE
9,378.259323809301,0.181111487498706,-1,250,10000,AFE
10,378.259232349908,0.181111487498706,-1,250,10000,AFE
11,506.796365977577,0.181111487498706,-1,250,10000,AFE
12,378.259124638392,0.181111487498706,-1,250,10000,AFE
13,378.259359135466,0.181111487498706,-1,250,10000,AFE
14,378.259019586592,0.181111487498706,-1,250,10000,AFE
15,378.259372447044,0.181111487498706,-1,250,10000,AFE
16,378.259305282743,0.181111487498706,-1,250,10000,AFE
17,378.259689820145,0.181111487498706,-1,250,10000,AFE
18,378.259069304441,0.181111487498706,-1,250,10000,AFE
19,378.25928032182,0.181111487498706,-1,250,10000,AFE
20,378.259303379107,0.181111487498706,-1,250,10000,AFE
1,377.96739965451,0.181111487498706,0,250,10000,WBIC
2,377.908385355697,0.181111487498706,0,250,10000,WBIC
3,377.963558392541,0.181111487498706,0,250,10000,WBIC
4,377.873906121552,0.181111487498706,0,250,10000,WBIC
5,377.976945462923,0.181111487498706,0,250,10000,WBIC
6,378.111635019524,0.181111487498706,0,250,10000,WBIC
7,377.966101637928,0.181111487498706,0,250,10000,WBIC
8,377.798760479846,0.181111487498706,0,250,10000,WBIC
9,377.995163877996,0.181111487498706,0,250,10000,WBIC
10,377.859639187224,0.181111487498706,0,250,10000,WBIC
11,377.851089885859,0.181111487498706,0,250,10000,WBIC
12,377.959956406628,0.181111487498706,0,250,10000,WBIC
13,377.940278973932,0.181111487498706,0,250,10000,WBIC
14,377.953968997643,0.181111487498706,0,250,10000,WBIC
15,377.900107814043,0.181111487498706,0,250,10000,WBIC
16,377.961895521116,0.181111487498706,0,250,10000,WBIC
17,377.965076928676,0.181111487498706,0,250,10000,WBIC
18,377.993269350266,0.181111487498706,0,250,10000,WBIC
19,378.006415216117,0.181111487498706,0,250,10000,WBIC
20,377.939453492427,0.181111487498706,0,250,10000,WBIC
1,704.670821668723,0.160911192494003,-1,500,2000,AFE
2,886.541331578987,0.160911192494003,-1,500,2000,AFE
3,704.577752293269,0.160911192494003,-1,500,2000,AFE
4,704.577898656691,0.160911192494003,-1,500,2000,AFE
5,704.580834008302,0.160911192494003,-1,500,2000,AFE
6,827.982121466976,0.160911192494003,-1,500,2000,AFE
7,704.757992654971,0.160911192494003,-1,500,2000,AFE
8,704.57762520415,0.160911192494003,-1,500,2000,AFE
9,704.662080848027,0.160911192494003,-1,500,2000,AFE
10,704.594194184157,0.160911192494003,-1,500,2000,AFE
11,716.615598135213,0.160911192494003,-1,500,2000,AFE
12,704.603040433015,0.160911192494003,-1,500,2000,AFE
13,704.577606807305,0.160911192494003,-1,500,2000,AFE
14,704.596314458816,0.160911192494003,-1,500,2000,AFE
15,704.596799480096,0.160911192494003,-1,500,2000,AFE
16,704.615936972358,0.160911192494003,-1,500,2000,AFE
17,704.621393467163,0.160911192494003,-1,500,2000,AFE
18,704.577937522542,0.160911192494003,-1,500,2000,AFE
19,729.929394957669,0.160911192494003,-1,500,2000,AFE
20,806.889578966629,0.160911192494003,-1,500,2000,AFE
1,704.112389913809,0.160911192494003,0,500,2000,WBIC
2,704.566123322589,0.160911192494003,0,500,2000,WBIC
3,704.370360075166,0.160911192494003,0,500,2000,WBIC
4,704.067039365728,0.160911192494003,0,500,2000,WBIC
5,704.559656653439,0.160911192494003,0,500,2000,WBIC
6,704.548805416748,0.160911192494003,0,500,2000,WBIC
7,704.263975583587,0.160911192494003,0,500,2000,WBIC
8,704.496578789578,0.160911192494003,0,500,2000,WBIC
9,704.61932126288,0.160911192494003,0,500,2000,WBIC
10,704.381489782069,0.160911192494003,0,500,2000,WBIC
11,704.040182059966,0.160911192494003,0,500,2000,WBIC
12,704.724949210939,0.160911192494003,0,500,2000,WBIC
13,704.666846093436,0.160911192494003,0,500,2000,WBIC
14,704.41136732873,0.160911192494003,0,500,2000,WBIC
15,704.252014034373,0.160911192494003,0,500,2000,WBIC
16,704.072634404209,0.160911192494003,0,500,2000,WBIC
17,704.392460347328,0.160911192494003,0,500,2000,WBIC
18,704.179718789477,0.160911192494003,0,500,2000,WBIC
19,704.279406285848,0.160911192494003,0,500,2000,WBIC
20,704.305654019333,0.160911192494003,0,500,2000,WBIC
1,704.577765123005,0.160911192494003,-1,500,4000,AFE
2,705.010725069182,0.160911192494003,-1,500,4000,AFE
3,717.297302657714,0.160911192494003,-1,500,4000,AFE
4,707.330341458203,0.160911192494003,-1,500,4000,AFE
5,704.675559621649,0.160911192494003,-1,500,4000,AFE
6,723.821046190987,0.160911192494003,-1,500,4000,AFE
7,706.429022113059,0.160911192494003,-1,500,4000,AFE
8,714.501897413597,0.160911192494003,-1,500,4000,AFE
9,704.581035863626,0.160911192494003,-1,500,4000,AFE
10,704.830221407269,0.160911192494003,-1,500,4000,AFE
11,704.613651399189,0.160911192494003,-1,500,4000,AFE
12,705.159951139529,0.160911192494003,-1,500,4000,AFE
13,706.876156233846,0.160911192494003,-1,500,4000,AFE
14,704.577936409031,0.160911192494003,-1,500,4000,AFE
15,706.968726896076,0.160911192494003,-1,500,4000,AFE
16,704.57789791823,0.160911192494003,-1,500,4000,AFE
17,704.656472565051,0.160911192494003,-1,500,4000,AFE
18,782.698220275517,0.160911192494003,-1,500,4000,AFE
19,704.692170826214,0.160911192494003,-1,500,4000,AFE
20,848.408264899276,0.160911192494003,-1,500,4000,AFE
1,704.290441364112,0.160911192494003,0,500,4000,WBIC
2,704.171343054485,0.160911192494003,0,500,4000,WBIC
3,704.380153617709,0.160911192494003,0,500,4000,WBIC
4,704.57126553403,0.160911192494003,0,500,4000,WBIC
5,704.137186748951,0.160911192494003,0,500,4000,WBIC
6,704.526705046648,0.160911192494003,0,500,4000,WBIC
7,704.333602084236,0.160911192494003,0,500,4000,WBIC
8,705.65036823788,0.160911192494003,0,500,4000,WBIC
9,704.257468597117,0.160911192494003,0,500,4000,WBIC
10,704.288418034085,0.160911192494003,0,500,4000,WBIC
11,704.235331533415,0.160911192494003,0,500,4000,WBIC
12,704.154211132261,0.160911192494003,0,500,4000,WBIC
13,704.271156216414,0.160911192494003,0,500,4000,WBIC
14,704.582932511092,0.160911192494003,0,500,4000,WBIC
15,704.491137882384,0.160911192494003,0,500,4000,WBIC
16,704.26123500958,0.160911192494003,0,500,4000,WBIC
17,705.059486153165,0.160911192494003,0,500,4000,WBIC
18,704.357652269569,0.160911192494003,0,500,4000,WBIC
19,704.475682199009,0.160911192494003,0,500,4000,WBIC
20,704.418362860764,0.160911192494003,0,500,4000,WBIC
1,704.58610915981,0.160911192494003,-1,500,6000,AFE
2,704.57757999854,0.160911192494003,-1,500,6000,AFE
3,704.577613062875,0.160911192494003,-1,500,6000,AFE
4,750.252300892317,0.160911192494003,-1,500,6000,AFE
5,704.577822612076,0.160911192494003,-1,500,6000,AFE
6,704.583636957453,0.160911192494003,-1,500,6000,AFE
7,719.045337380559,0.160911192494003,-1,500,6000,AFE
8,704.596192264664,0.160911192494003,-1,500,6000,AFE
9,715.610689029937,0.160911192494003,-1,500,6000,AFE
10,729.683460640441,0.160911192494003,-1,500,6000,AFE
11,704.577731576806,0.160911192494003,-1,500,6000,AFE
12,704.577569455646,0.160911192494003,-1,500,6000,AFE
13,704.577478196472,0.160911192494003,-1,500,6000,AFE
14,720.29360362425,0.160911192494003,-1,500,6000,AFE
15,704.577743255272,0.160911192494003,-1,500,6000,AFE
16,704.577692304177,0.160911192494003,-1,500,6000,AFE
17,704.622317769701,0.160911192494003,-1,500,6000,AFE
18,771.104331463954,0.160911192494003,-1,500,6000,AFE
19,704.709621770497,0.160911192494003,-1,500,6000,AFE
20,704.62458557684,0.160911192494003,-1,500,6000,AFE
1,704.509535414567,0.160911192494003,0,500,6000,WBIC
2,704.366626782157,0.160911192494003,0,500,6000,WBIC
3,704.479687658096,0.160911192494003,0,500,6000,WBIC
4,704.565199694483,0.160911192494003,0,500,6000,WBIC
5,704.282575827712,0.160911192494003,0,500,6000,WBIC
6,704.394538779552,0.160911192494003,0,500,6000,WBIC
7,704.191934253119,0.160911192494003,0,500,6000,WBIC
8,704.356509821018,0.160911192494003,0,500,6000,WBIC
9,704.802610329079,0.160911192494003,0,500,6000,WBIC
10,704.225861460937,0.160911192494003,0,500,6000,WBIC
11,704.698350655165,0.160911192494003,0,500,6000,WBIC
12,704.464764062535,0.160911192494003,0,500,6000,WBIC
13,704.421118006196,0.160911192494003,0,500,6000,WBIC
14,704.653661318618,0.160911192494003,0,500,6000,WBIC
15,704.375128720286,0.160911192494003,0,500,6000,WBIC
16,704.39377577295,0.160911192494003,0,500,6000,WBIC
17,704.264785952285,0.160911192494003,0,500,6000,WBIC
18,704.521151986441,0.160911192494003,0,500,6000,WBIC
19,704.456263925717,0.160911192494003,0,500,6000,WBIC
20,704.341885390225,0.160911192494003,0,500,6000,WBIC
1,704.57761651395,0.160911192494003,-1,500,10000,AFE
2,704.594846387355,0.160911192494003,-1,500,10000,AFE
3,704.577933380882,0.160911192494003,-1,500,10000,AFE
4,705.798961908558,0.160911192494003,-1,500,10000,AFE
5,704.579487537464,0.160911192494003,-1,500,10000,AFE
6,704.577588303558,0.160911192494003,-1,500,10000,AFE
7,704.577656973107,0.160911192494003,-1,500,10000,AFE
8,847.929085563739,0.160911192494003,-1,500,10000,AFE
9,704.578375488541,0.160911192494003,-1,500,10000,AFE
10,705.364931452441,0.160911192494003,-1,500,10000,AFE
11,704.585066750296,0.160911192494003,-1,500,10000,AFE
12,704.577874558959,0.160911192494003,-1,500,10000,AFE
13,704.57747042727,0.160911192494003,-1,500,10000,AFE
14,704.577936846058,0.160911192494003,-1,500,10000,AFE
15,704.590482082516,0.160911192494003,-1,500,10000,AFE
16,704.577576812,0.160911192494003,-1,500,10000,AFE
17,704.60103993833,0.160911192494003,-1,500,10000,AFE
18,704.606977929943,0.160911192494003,-1,500,10000,AFE
19,704.577673582259,0.160911192494003,-1,500,10000,AFE
20,826.872044152115,0.160911192494003,-1,500,10000,AFE
1,704.108914198087,0.160911192494003,0,500,10000,WBIC
2,704.325986300076,0.160911192494003,0,500,10000,WBIC
3,704.461133862593,0.160911192494003,0,500,10000,WBIC
4,704.56453681616,0.160911192494003,0,500,10000,WBIC
5,704.500299180563,0.160911192494003,0,500,10000,WBIC
6,704.490873041119,0.160911192494003,0,500,10000,WBIC
7,704.414254200455,0.160911192494003,0,500,10000,WBIC
8,704.42365385284,0.160911192494003,0,500,10000,WBIC
9,704.448843896043,0.160911192494003,0,500,10000,WBIC
10,704.146669876279,0.160911192494003,0,500,10000,WBIC
11,704.439566488697,0.160911192494003,0,500,10000,WBIC
12,704.482805809582,0.160911192494003,0,500,10000,WBIC
13,704.48778569189,0.160911192494003,0,500,10000,WBIC
14,704.465128453658,0.160911192494003,0,500,10000,WBIC
15,704.64600581632,0.160911192494003,0,500,10000,WBIC
16,704.320981971128,0.160911192494003,0,500,10000,WBIC
17,704.263879615303,0.160911192494003,0,500,10000,WBIC
18,704.483881937351,0.160911192494003,0,500,10000,WBIC
19,704.549439877139,0.160911192494003,0,500,10000,WBIC
20,704.532999218444,0.160911192494003,0,500,10000,WBIC
1,1424.85445936133,0.144764827301084,-1,1000,2000,AFE
2,1424.73573694126,0.144764827301084,-1,1000,2000,AFE
3,1554.64930053574,0.144764827301084,-1,1000,2000,AFE
4,1424.80047903062,0.144764827301084,-1,1000,2000,AFE
5,1424.7357348633,0.144764827301084,-1,1000,2000,AFE
6,1424.73573179558,0.144764827301084,-1,1000,2000,AFE
7,1425.25680805232,0.144764827301084,-1,1000,2000,AFE
8,1424.73573188692,0.144764827301084,-1,1000,2000,AFE
9,1424.74063196039,0.144764827301084,-1,1000,2000,AFE
10,1424.73809921924,0.144764827301084,-1,1000,2000,AFE
11,1424.76681406043,0.144764827301084,-1,1000,2000,AFE
12,1424.73939488879,0.144764827301084,-1,1000,2000,AFE
13,1424.92734212577,0.144764827301084,-1,1000,2000,AFE
14,1424.90101761143,0.144764827301084,-1,1000,2000,AFE
15,1573.86678209739,0.144764827301084,-1,1000,2000,AFE
16,1424.73574069886,0.144764827301084,-1,1000,2000,AFE
17,1424.73573389044,0.144764827301084,-1,1000,2000,AFE
18,1424.80413565269,0.144764827301084,-1,1000,2000,AFE
19,1424.7357337157,0.144764827301084,-1,1000,2000,AFE
20,1424.73573254997,0.144764827301084,-1,1000,2000,AFE
1,1424.46951224297,0.144764827301084,0,1000,2000,WBIC
2,1424.33016270616,0.144764827301084,0,1000,2000,WBIC
3,1424.18471473262,0.144764827301084,0,1000,2000,WBIC
4,1424.33067406787,0.144764827301084,0,1000,2000,WBIC
5,1424.44909039206,0.144764827301084,0,1000,2000,WBIC
6,1424.41695608295,0.144764827301084,0,1000,2000,WBIC
7,1424.31673184401,0.144764827301084,0,1000,2000,WBIC
8,1423.74492877749,0.144764827301084,0,1000,2000,WBIC
9,1424.40419305253,0.144764827301084,0,1000,2000,WBIC
10,1424.08945065913,0.144764827301084,0,1000,2000,WBIC
11,1424.46372956961,0.144764827301084,0,1000,2000,WBIC
12,1424.05613685495,0.144764827301084,0,1000,2000,WBIC
13,1424.42191434342,0.144764827301084,0,1000,2000,WBIC
14,1424.23415314101,0.144764827301084,0,1000,2000,WBIC
15,1424.67359924846,0.144764827301084,0,1000,2000,WBIC
16,1424.31033913522,0.144764827301084,0,1000,2000,WBIC
17,1424.27288831629,0.144764827301084,0,1000,2000,WBIC
18,1424.594423357,0.144764827301084,0,1000,2000,WBIC
19,1424.72122201318,0.144764827301084,0,1000,2000,WBIC
20,1424.12165612897,0.144764827301084,0,1000,2000,WBIC
1,1424.73573995923,0.144764827301084,-1,1000,4000,AFE
2,1424.74248580298,0.144764827301084,-1,1000,4000,AFE
3,1424.73573143285,0.144764827301084,-1,1000,4000,AFE
4,1689.66928041598,0.144764827301084,-1,1000,4000,AFE
5,1424.73717996526,0.144764827301084,-1,1000,4000,AFE
6,1424.73573363678,0.144764827301084,-1,1000,4000,AFE
7,1424.74230018841,0.144764827301084,-1,1000,4000,AFE
8,1459.48913381725,0.144764827301084,-1,1000,4000,AFE
9,1426.50241523217,0.144764827301084,-1,1000,4000,AFE
10,1688.79072012428,0.144764827301084,-1,1000,4000,AFE
11,1424.74832113822,0.144764827301084,-1,1000,4000,AFE
12,1424.73573289366,0.144764827301084,-1,1000,4000,AFE
13,1424.73919780584,0.144764827301084,-1,1000,4000,AFE
14,1458.76858976567,0.144764827301084,-1,1000,4000,AFE
15,1657.21689274578,0.144764827301084,-1,1000,4000,AFE
16,1844.73093434615,0.144764827301084,-1,1000,4000,AFE
17,1424.73574008409,0.144764827301084,-1,1000,4000,AFE
18,1424.73573461707,0.144764827301084,-1,1000,4000,AFE
19,1424.73572903679,0.144764827301084,-1,1000,4000,AFE
20,1466.45180608716,0.144764827301084,-1,1000,4000,AFE
1,1424.33956677412,0.144764827301084,0,1000,4000,WBIC
2,1424.26821913512,0.144764827301084,0,1000,4000,WBIC
3,1424.17813130828,0.144764827301084,0,1000,4000,WBIC
4,1423.96090154657,0.144764827301084,0,1000,4000,WBIC
5,1424.34800180343,0.144764827301084,0,1000,4000,WBIC
6,1424.63591573232,0.144764827301084,0,1000,4000,WBIC
7,1424.07548751374,0.144764827301084,0,1000,4000,WBIC
8,1424.27441677486,0.144764827301084,0,1000,4000,WBIC
9,1424.33194268219,0.144764827301084,0,1000,4000,WBIC
10,1424.19745422625,0.144764827301084,0,1000,4000,WBIC
11,1424.26893287025,0.144764827301084,0,1000,4000,WBIC
12,1423.88178871006,0.144764827301084,0,1000,4000,WBIC
13,1424.1336375708,0.144764827301084,0,1000,4000,WBIC
14,1424.41903946931,0.144764827301084,0,1000,4000,WBIC
15,1424.38098582022,0.144764827301084,0,1000,4000,WBIC
16,1424.29396701469,0.144764827301084,0,1000,4000,WBIC
17,1424.30735187879,0.144764827301084,0,1000,4000,WBIC
18,1424.29393188938,0.144764827301084,0,1000,4000,WBIC
19,1424.20153292572,0.144764827301084,0,1000,4000,WBIC
20,1424.31430579413,0.144764827301084,0,1000,4000,WBIC
1,1424.73573190128,0.144764827301084,-1,1000,6000,AFE
2,1424.73573911454,0.144764827301084,-1,1000,6000,AFE
3,1424.73574068134,0.144764827301084,-1,1000,6000,AFE
4,1424.73573438319,0.144764827301084,-1,1000,6000,AFE
5,1424.73572904079,0.144764827301084,-1,1000,6000,AFE
6,1424.73658708885,0.144764827301084,-1,1000,6000,AFE
7,1424.73573053537,0.144764827301084,-1,1000,6000,AFE
8,1424.73572978053,0.144764827301084,-1,1000,6000,AFE
9,1424.73573902076,0.144764827301084,-1,1000,6000,AFE
10,1424.73573487342,0.144764827301084,-1,1000,6000,AFE
11,1424.73574339792,0.144764827301084,-1,1000,6000,AFE
12,1424.73573413813,0.144764827301084,-1,1000,6000,AFE
13,1424.73824651464,0.144764827301084,-1,1000,6000,AFE
14,1424.73572958125,0.144764827301084,-1,1000,6000,AFE
15,1424.73573038983,0.144764827301084,-1,1000,6000,AFE
16,1449.16886933335,0.144764827301084,-1,1000,6000,AFE
17,1424.73574093093,0.144764827301084,-1,1000,6000,AFE
18,1424.73573465075,0.144764827301084,-1,1000,6000,AFE
19,1424.73752410928,0.144764827301084,-1,1000,6000,AFE
20,1426.18669766523,0.144764827301084,-1,1000,6000,AFE
1,1424.19099609536,0.144764827301084,0,1000,6000,WBIC
2,1424.24564967365,0.144764827301084,0,1000,6000,WBIC
3,1424.38553900911,0.144764827301084,0,1000,6000,WBIC
4,1424.31323145712,0.144764827301084,0,1000,6000,WBIC
5,1424.43945596643,0.144764827301084,0,1000,6000,WBIC
6,1424.35099389411,0.144764827301084,0,1000,6000,WBIC
7,1424.12038537547,0.144764827301084,0,1000,6000,WBIC
8,1424.42439515108,0.144764827301084,0,1000,6000,WBIC
9,1424.24662161615,0.144764827301084,0,1000,6000,WBIC
10,1424.14309451765,0.144764827301084,0,1000,6000,WBIC
11,1424.17865980928,0.144764827301084,0,1000,6000,WBIC
12,1424.11670598755,0.144764827301084,0,1000,6000,WBIC
13,1424.30079226056,0.144764827301084,0,1000,6000,WBIC
14,1424.09263982994,0.144764827301084,0,1000,6000,WBIC
15,1424.06022743427,0.144764827301084,0,1000,6000,WBIC
16,1424.07163713068,0.144764827301084,0,1000,6000,WBIC
17,1424.18090845093,0.144764827301084,0,1000,6000,WBIC
18,1424.29208972023,0.144764827301084,0,1000,6000,WBIC
19,1424.50314174956,0.144764827301084,0,1000,6000,WBIC
20,1424.25861744763,0.144764827301084,0,1000,6000,WBIC
1,1424.74571128288,0.144764827301084,-1,1000,10000,AFE
2,1424.73573193515,0.144764827301084,-1,1000,10000,AFE
3,1814.26570208728,0.144764827301084,-1,1000,10000,AFE
4,1424.76551529564,0.144764827301084,-1,1000,10000,AFE
5,1424.74674235667,0.144764827301084,-1,1000,10000,AFE
6,1424.73739650209,0.144764827301084,-1,1000,10000,AFE
7,1424.73573342199,0.144764827301084,-1,1000,10000,AFE
8,1499.97590936302,0.144764827301084,-1,1000,10000,AFE
9,1424.79097989995,0.144764827301084,-1,1000,10000,AFE
10,1424.73573216898,0.144764827301084,-1,1000,10000,AFE
11,1424.74094012494,0.144764827301084,-1,1000,10000,AFE
12,1424.93652690567,0.144764827301084,-1,1000,10000,AFE
13,1559.59827109212,0.144764827301084,-1,1000,10000,AFE
14,1424.80892996269,0.144764827301084,-1,1000,10000,AFE
15,1425.84297531207,0.144764827301084,-1,1000,10000,AFE
16,1424.73573662472,0.144764827301084,-1,1000,10000,AFE
17,1525.37206319771,0.144764827301084,-1,1000,10000,AFE
18,1544.10808409515,0.144764827301084,-1,1000,10000,AFE
19,1424.73573815585,0.144764827301084,-1,1000,10000,AFE
20,1424.7688695142,0.144764827301084,-1,1000,10000,AFE
1,1424.49605207981,0.144764827301084,0,1000,10000,WBIC
2,1424.19721703853,0.144764827301084,0,1000,10000,WBIC
3,1424.17780357623,0.144764827301084,0,1000,10000,WBIC
4,1424.13816701397,0.144764827301084,0,1000,10000,WBIC
5,1424.33048116105,0.144764827301084,0,1000,10000,WBIC
6,1424.27501320195,0.144764827301084,0,1000,10000,WBIC
7,1424.12770864174,0.144764827301084,0,1000,10000,WBIC
8,1424.19831492945,0.144764827301084,0,1000,10000,WBIC
9,1424.14079309665,0.144764827301084,0,1000,10000,WBIC
10,1424.37752948047,0.144764827301084,0,1000,10000,WBIC
11,1424.24461002315,0.144764827301084,0,1000,10000,WBIC
12,1424.43490700367,0.144764827301084,0,1000,10000,WBIC
13,1424.49229491145,0.144764827301084,0,1000,10000,WBIC
14,1424.23264120132,0.144764827301084,0,1000,10000,WBIC
15,1424.34459562018,0.144764827301084,0,1000,10000,WBIC
16,1424.21153430944,0.144764827301084,0,1000,10000,WBIC
17,1424.21433700006,0.144764827301084,0,1000,10000,WBIC
18,1424.31006738001,0.144764827301084,0,1000,10000,WBIC
19,1424.28832544465,0.144764827301084,0,1000,10000,WBIC
20,1424.07207999202,0.144764827301084,0,1000,10000,WBIC
