chain,draw,like,weights_0,weights_1,weights_2,mus_0,mus_1,mus_2
0,0,-0.8484050243346939,0.006394258565078797,0.00010512109858996246,0.9935006203363314,-0.39038980850609223,1.276353416630177,0.5613665123222135
0,1,-0.8253777154916581,0.29138591448887713,0.6800264418543123,0.02858764365681059,-0.4734738518662432,-1.294997212194139,0.8508829400342603
0,2,-1.4765026977324105,0.5572353834722416,0.4292277180479727,0.013536898479785703,-0.024874647400584336,-0.6177046882112583,-0.7733710420716283
0,3,0.9158022062794867,0.8780507706207333,0.008369580329436166,0.1135796490498306,0.9491401265842352,-0.9247171952617429,-2.4351508054130653
0,4,1.0141767659677863,0.9063206534911088,0.0936163783303622,6.296817852906188e-05,-0.374698248281437,-0.2918457303533163,2.5706463691755914
0,5,-1.9011528653588539,0.8332645357344691,0.12540041046604122,0.04133505379948949,-0.9152432883731393,-2.1362045545805217,-0.7386078037873333
0,6,1.3141220397785307,0.9207289997368918,0.0780825669553289,0.0011884333077792446,0.3383829756113072,1.9285974763724512,-0.5228407283818786
0,7,-0.8810371589414233,0.12126392071360843,0.878308049808511,0.0004280294778805639,-0.1544127940493768,-0.5958075818548713,0.0363827996567877
0,8,0.8240368325504775,0.7537124334124585,0.24559251097451243,0.0006950556130290884,-0.681456582907347,-0.2969106281732012,-0.9317154920683228
0,9,0.6437069281763678,0.00012289125634012344,0.0001357846500142507,0.9997413240936456,1.5607205301296172,1.6133221924662844,0.2349443049525413
0,10,0.1439706524237856,0.9980547809621892,0.0001114288057099974,0.0018337902321008159,0.6378134718813192,-1.092908585552976,-0.6227438394976991
0,11,0.6077835161825367,0.630373182859756,0.000373308633247451,0.36925350850699656,-0.4639939295520441,-3.0768067018433696,-0.3443550021763578
0,12,0.2622818645926696,0.0016338139902289783,1.1636969838714456e-05,0.9983545490399324,-0.12136558701579218,0.6178376264225091,-0.8452353357158051
0,13,-0.3356648377008522,0.00017927444518521786,2.4155991506555572e-06,0.9998183099556641,1.3277354955027216,0.44960827203472614,0.6691530300565399
0,14,-0.3300684454518907,0.000506298049872954,1.1674238423563583e-06,0.9994925345262846,-0.19392177142014008,1.144664625588092,-1.0982175296556904
0,15,-0.5737265568439723,0.024593208482842955,1.54094176323184e-05,0.9753913820995247,-1.513718923038096,-1.86705378656604,0.8250854323408641
0,16,-0.9395010237992201,0.048563957466015405,0.021576963575883835,0.9298590789581008,0.884838197566286,2.8202186740135806,0.45633469167123725
0,17,-0.26867052662263774,0.0318085143545628,0.005491119618981383,0.9627003660264557,-0.8812560296194722,2.0006542489158403,-1.009298999800435
0,18,-0.8454656753590551,0.0034870845974463967,0.0013264822219281912,0.9951864331806254,-1.3177317012398981,0.46695703969755425,0.462816908490854
0,19,0.5099468730259059,0.2436384641272298,0.0838894112188311,0.6724721246539392,0.3610410311985094,-2.561109352270905,-0.6959851578513646
0,20,2.6018258885073267,0.2135716299848101,0.785689314394892,0.0007390556202978397,1.702952431912682,0.47509535716142914,-0.09196426896905747
0,21,-2.385975733237579,0.02655008749054546,0.461797350892174,0.5116525616172806,-0.7732432182454405,-1.0518633042631307,0.3611540814519679
0,22,-0.7466141668172733,0.012795665014832019,0.09932757398772282,0.8878767609974452,-0.44459433300148166,-1.5360272183012231,-0.05207977342316768
0,23,0.8627735217660754,0.1427624235499615,0.2975160422431078,0.5597215342069307,1.717006882767742,0.6905504018819192,-1.2244899650645864
0,24,0.04906044968183154,0.0025885650320902954,0.9815492237537947,0.015862211214114953,1.6275711270137547,-1.0373352613735864,-1.26628119761643
0,25,-1.3431609012032666,0.817604065204821,5.19503375957118e-06,0.18239073976141953,-0.0032255542131273763,-1.9706815893207097,1.1454146854515141
0,26,1.2150898433156572,0.8537796726547492,3.601009687584239e-10,0.1462203269851499,-0.3177200558040585,1.2018221050803268,-1.8723118253681035
0,27,1.3885534755556923,0.9999816935123428,1.30789645754739e-10,1.8306356867460527e-05,-0.382155745547717,-1.5031720034456009,1.6849669155419231
0,28,-0.882344103006522,0.02827642890696871,8.280368859221089e-10,0.9717235702649945,0.8942419462541813,-0.5143514838311444,-0.7983877939408858
0,29,0.3125744842118373,0.09833265369596642,9.581271868792649e-10,0.9016673453459064,-0.698241678335515,-0.86971043498189,-0.27837372244024305
0,30,-1.611303192052424,0.9999259496002975,3.9769280128521785e-11,7.40503599333972e-05,-0.5219573849931652,-1.686198782977826,-0.02158937674602746
0,31,0.7777050872821225,1.4991784641174478e-05,0.08953931816517685,0.9104456900501819,0.9212962330262252,0.18426713016447765,-0.10036696742156359
0,32,0.0643410188233377,0.37868911366286295,0.32039329283619983,0.30091759350093716,-2.06375678107439,0.536137749031122,0.3480241539004579
0,33,0.20825348268025945,0.0012580385781607805,0.0011187938029232132,0.9976231676189159,-0.25649596037310274,-1.3101720026364465,-0.493534794158411
0,34,-0.9224363618300256,0.30284764806885206,0.09922950385366149,0.5979228480774864,0.6521991942082958,0.9033466484304782,-1.2930049383898479
0,35,-0.46459550728196874,0.003806095162936656,0.9961905894925189,3.3153445443998665e-06,-0.8233227029197245,0.2510828740918231,2.226415767737974
0,36,-0.385301714681779,0.0004167177917022309,0.9995767696176218,6.512590675967568e-06,-3.5087367845944875,0.19181101564635666,-1.2064895876184465
0,37,-0.6144962522765478,0.00018357263255456806,7.175804077758999e-05,0.999744669326668,1.4171677373683331,0.6331380891711312,-0.5188516131080435
0,38,0.7700111988305103,0.2508821064082107,0.052769229601976234,0.696348663989813,-1.9266146159429711,-1.3584866711599406,0.09573449547981981
0,39,0.5097546855075911,0.0036708252787343775,0.07743605346522471,0.9188931212560408,-3.054957951624499,-1.0891047437808619,-0.10919942938066912
0,40,0.1736186507471723,1.1078428129478998e-06,4.338088389370879e-05,0.9999555112732933,-0.7087808443720167,-1.3419751407578102,-0.485795919139899
0,41,-0.20984779618665397,9.858665426464222e-08,1.7374272663804937e-06,0.9999981639860794,-0.4172350232838337,2.7670519182914517,-0.3251310985241644
0,42,-0.9496730150710941,3.24714680309442e-05,0.999850774921343,0.00011675361062604646,1.1309198351865295,0.49765492483787405,0.45134515963805205
0,43,0.5969007583587062,0.0018637412049843855,0.9981360917026507,1.670923647008166e-07,-0.08084834200163797,-0.4235536185136018,-1.4740206546868166
0,44,-1.8549691748246362,0.06682386082630527,0.9330644058119799,0.00011173336171474812,3.2234975429686026,-0.28402058357605986,-2.7152026981780666
0,45,1.1452164271334628,0.1636040700384887,0.8363959099614515,2.000005972017087e-08,-1.8814627167555338,0.6376590631278238,-0.9794200309226602
0,46,-1.236236308680088,0.18322822521668586,0.8167717719282096,2.8551045030449246e-09,1.0554378708864818,-0.875303967680034,-0.008600168361654286
0,47,-0.7486864292867998,9.573729243212057e-07,0.3724893093072945,0.6275097333197812,-2.513584652495903,0.20252756896196483,-0.22545156988153306
0,48,0.2954329246702533,0.4276028594528009,0.572081793044326,0.0003153475028730232,1.441931580046712,-0.4273553869561789,-0.2769555707516693
0,49,-1.671889051790751,0.3319403860767045,0.6680233853192096,3.622860408590553e-05,-1.0447998731317076,-0.6000832783550322,-0.9768677627214242
0,50,0.6758287530951802,0.07933400347552405,0.9206506698528051,1.532667167073168e-05,-0.9068575581507118,-0.3789221327489535,1.9302152301153161
0,51,0.08197387905917107,0.9811169594035536,0.016377256657647492,0.00250578393879889,0.0029709767587440413,-2.2449470143130847,-1.1528806148358266
0,52,-0.18314849798245203,0.8916231514249559,0.1083283791868615,4.8469388182587826e-05,0.21333411431820543,-1.0482582283251969,-1.4364542656634363
0,53,0.7792412683972585,0.4463510676338484,0.5523656861313126,0.0012832462348388118,-0.30559329921454625,0.009264158542477249,1.051416447675865
0,54,0.9909666513731341,0.0002179071706957097,0.9997171705604513,6.492226885311845e-05,-0.30468694836946153,0.004387262326637478,-2.3261973748047176
0,55,-1.2491285699344297,3.246877148259842e-05,0.9995479760291378,0.0004195551993795211,-0.849360125736743,-0.33534308289695236,3.6618891965193052
0,56,-2.4755449631571653,4.237010813758697e-12,0.000443896545252544,0.9995561034505104,0.9343178374172892,-3.360008361675877,-1.1210503548219968
0,57,-1.325604898627815,1.6469173023099862e-11,0.003272102304354202,0.9967278976791766,-0.2310267785006396,-3.4971512144990085,0.12382076261174933
0,58,2.0150388212742265,6.328753278806765e-07,0.23334278117696367,0.7666565859477084,-1.795072245617817,-0.12906494328641005,-0.2334121823669294
0,59,1.0908053691550994,0.17899422667107978,2.78912411976437e-06,0.8210029842048006,-1.5733390481683704,-1.2530635023980339,0.10882756662472738
0,60,-1.6301222992629731,0.00255295096361692,1.7212809009671057e-06,0.9974453277554821,-3.5890107959602986,0.33750818716101955,-0.7663675098825068
0,61,-1.7281806059574427,0.14959827279927934,0.0014974506439691523,0.8489042765567516,2.0306825690478347,-0.26526981903877567,-0.43638098324256347
0,62,1.402344117393451,0.0001608254054126587,0.00011927320007103917,0.9997199013945163,1.4949066044179344,-0.057364025594764216,0.2943813719521756
0,63,-0.8532722423029779,2.636338633904212e-06,9.296983213018892e-07,0.9999964339630449,-0.8676779716113336,2.861853504767039,-0.04333051168188489
0,64,0.8993358974238378,8.671574611715778e-05,7.419345423278635e-06,0.9999058649084597,0.48201676323554005,-1.2522531146761817,0.32814974713663847
0,65,0.47172839979829456,0.5357342718634746,0.0057226942157576,0.45854303392076784,-0.654145517819516,2.5475502769115526,0.5081092557817252
0,66,0.8331304747269824,0.6990655439875226,6.509416245805031e-07,0.300933805070853,-0.3380669009227078,-2.5616145368208354,-0.03004650912979114
0,67,-0.5883896841916987,0.04935277044149254,1.9727073002540677e-07,0.9506470322877774,0.14280137134932705,-0.6431810140674676,-0.10643598223385616
0,68,0.7537274411088859,0.22714131585389258,7.065360711074549e-08,0.7728586134925003,0.4868177569960187,1.3131814160739854,-0.12462385436892931
0,69,0.45868423360365934,0.3923324259537774,0.6076492602744294,1.8313771793179505e-05,0.5973564163029599,-0.7040615665228969,2.0642567870763067
0,70,1.7238815896194095,0.16145245984417086,0.8384985140108189,4.9026145010245634e-05,2.098316997477958,0.2528379827661714,2.3982994741564463
0,71,-3.2342380873821353,0.05526204545743623,0.9447376169167799,3.3762578386218376e-07,-0.9362609436244697,-0.9503081647284184,-1.5541275705887063
0,72,2.91894880502953,0.7925648096715819,0.1498835942483195,0.057551596080098376,0.5339367327795845,-0.3806680070511801,1.8809630321719277
0,73,-1.5178671703582274,0.9678490559921694,0.0288965072457063,0.0032544367621241597,0.017568128149082363,1.5020824707009959,2.101300715971054
0,74,0.5237250586055394,7.179270462559754e-05,0.9999265250574515,1.6822379229550511e-06,0.6016316177322951,0.4585058788248045,1.0773810999497364
0,75,-0.5465497010936139,0.20330901302881696,2.325709924120716e-09,0.796690984645473,0.7537387379158503,3.8435614301221346,-0.250567642987388
0,76,0.06213515607160194,0.9995159749585248,1.8206241833209114e-07,0.00048384297905693715,-0.10604676762930319,1.400509228973861,-0.5322213303120831
0,77,0.9738336978409831,0.9993014981338437,7.546791973718806e-09,0.0006984943193642469,-0.1934280299572952,0.10458157319184203,-1.015231656216287
0,78,-0.8846510498077408,0.25359271310435555,4.444693383148721e-06,0.7464028422022614,-0.2221405202474762,-1.9154214651448658,0.21955073090644708
0,79,-0.1054665200825712,0.33226779150592106,3.7171911351959536e-05,0.667695036582727,-1.7595091325412795,-3.359917968824781,-0.14940698651087075
0,80,-0.7667942075661032,0.004295100780568129,0.0005174149845094007,0.9951874842349224,0.9035199811640716,2.64434436347011,-0.7070149782583268
0,81,0.5820302645702127,0.14182968872742108,0.02137929687158573,0.8367910144009931,-3.8745949508006188,0.9720941171949509,0.20413722554619354
0,82,-0.8291537117626473,0.05666274696561821,0.006541514931414688,0.9367957381029671,3.9115103670722533,-2.8947924647645595,0.04148341715437431
0,83,-0.3257585326747106,1.7627188565261415e-07,0.010978479417472962,0.9890213443106414,-5.51218682193085,0.7380027194268657,0.13701464285361697
0,84,-0.5920181525585817,2.7736880282630144e-07,0.04145817116026851,0.9585415514709287,-1.5356195118671703,-1.6464598354261408,-0.6638730560072993
0,85,0.440844119208708,4.5018895762712875e-10,0.9999919973417161,8.002208095068726e-06,-1.85751000801469,-0.3789150024615808,0.34735197395049605
0,86,0.4720150116097416,3.72369826669988e-17,0.9999891641447843,1.0835855215671396e-05,-0.20167676025531817,-0.39662359750659265,-0.03558908245392201
0,87,-1.2008143600261525,2.3840130373085515e-14,0.23243613954438047,0.7675638604555955,-0.8120820841652914,-0.2214884288925,1.431633573569192
0,88,-1.1997192996240182,2.573314198836792e-14,0.24458479042161785,0.7554152095783565,-0.8045417240532022,-0.18805457072413148,1.4843571981153838
0,89,0.1938985217654499,6.497858830253113e-14,0.625470162797861,0.3745298372020739,-0.5980831361371565,-1.4409073370362246,0.23098204037027756
0,90,-1.1695268085213786,1.0267260689346706e-17,0.0029491732961027754,0.9970508267038971,-1.170245229740854,-0.894872063298414,0.5912169836721658
0,91,-0.9866998816360024,1.0125512818652534e-14,0.9999999999533158,4.6674023728911996e-11,-0.5208124282105596,-0.7861426755459471,-0.41564592177825577
0,92,2.968100916619198,2.1670526788611248e-13,0.9999999996113298,3.88453503200651e-10,-0.2616081199954083,0.20724272970608454,-0.6730477538751891
0,93,2.5529065295138604,6.559060985738494e-07,0.9999993375028248,6.591076638834195e-09,0.2547791244286112,0.4119704978318195,0.6631844383890843
0,94,-2.3326887375387493,1.3932370028400315e-09,0.999999998589939,1.682397083407438e-11,-0.4709068734153514,-0.6532310013692879,-2.1490871866384516
0,95,-1.607721686383675,3.2351002376911216e-07,6.700380306069138e-19,0.9999996764899762,-3.0087074384658936,-0.6290027333021638,-0.05061952118100521
0,96,0.012441234295612261,0.9999999999999962,3.695000561085574e-15,1.8900439888832623e-22,0.2711645659463687,0.48088555312463993,-3.56210959354921
0,97,1.2583476703465633,0.9999999923956818,7.60431820085004e-09,1.5351879272794299e-21,0.6524956254222596,1.4468042490570066,2.7622467352727433
0,98,-0.20659606221412372,0.9999999299125568,7.008719697685072e-08,2.46264341744131e-13,-0.5140086756114417,2.589660534576351,-0.1340133635287142
0,99,0.35880311389698,0.9999999951815237,4.8166343648031054e-09,1.8419241831850122e-12,0.6271715357820137,-3.0438048622246656,1.1918717290623442
1,0,0.5964922851745447,0.06374416789498699,0.0012289409318968529,0.9350268911731161,0.42968748426218584,1.6550215160362534,-0.8802330018888658
1,1,0.04995669421381696,1.876769371640634e-06,0.9999900414443661,8.081786262162534e-06,2.2705567100926376,0.25603726840955104,0.21626720675094305
1,2,-0.28258581789558385,0.000538119763494604,0.9994515582849731,1.032195153221968e-05,3.3739316630104996,-0.2269062169785122,-0.3981461100134211
1,3,-0.6170449669125861,0.0002736290090951464,0.9997232805473145,3.0904435903875693e-06,3.0037574970182717,-0.4788228245989614,0.08686533056996026
1,4,-0.6440834815278701,0.5087695804853607,0.3755938877495404,0.11563653176509894,-1.8264025573446765,-0.25908445803518737,-0.8603201738714645
1,5,2.170409065058131,0.0063485914245035545,0.788284507381121,0.20536690119437556,0.38655505098505244,-0.8458404358452667,1.7602268479316152
1,6,1.0119603755361934,0.012582372100278006,0.18597340159532805,0.8014442263043938,0.3210388163058732,1.7029735826787336,-1.528372980500727
1,7,1.0119284013524719,0.016144639908883426,0.19285695927694324,0.7909984008141734,0.6611434989613594,0.26310863839957666,0.02525989087503377
1,8,-0.6175838372485354,0.09796192203332695,0.6289694612238255,0.2730686167428476,-1.123750114278127,-0.7498480871498059,-0.5979240405192442
1,9,0.5341879826899362,0.0002176637562831196,0.002724548890711267,0.9970577873530055,-4.026823689638882,-1.0270609028865134,-0.7209403640506521
1,10,-1.579409401550316,0.011776434380937026,0.7072802145035275,0.2809433511155354,-2.7005851227737883,-2.615223260105756,0.5830339309761364
1,11,-0.46903798754780307,0.008975845069269999,0.0013514108163586575,0.9896727441143713,-1.4666521961550727,3.67541135139593,0.22349470688181067
1,12,-0.42417610001731765,0.25013723421835826,0.2415181741713812,0.5083445916102606,-0.12373189222207981,-3.169866896865595,-0.37885212340748564
1,13,-2.3423679553218317,0.06710035117484062,0.004375592258615467,0.9285240565665439,-1.6648315699277392,3.6518742409552676,-0.3198317507743659
1,14,1.621189362413337,0.6319684313724366,0.020594793299841686,0.3474367753277215,0.5706093904891442,-1.896840396680012,-1.6994937642857006
1,15,2.7912993393033383,0.7653662993789253,0.032692591417141016,0.20194110920393366,0.5370144888567705,-1.7907743914241627,-2.4698817473869785
1,16,2.449087675948052,0.9291487765869924,0.016694695196971233,0.05415652821603636,0.6724078896085965,-1.2884730633829187,-2.140339338216633
1,17,0.5333826579754579,0.9841002244825409,5.895246799166217e-07,0.01589918599277916,0.24246343654206912,0.42548423526897866,3.1187779181656334
1,18,-1.1596915667713452,0.5527014533188831,1.0297221504616065e-07,0.4472984437089019,0.09670352301012312,-0.8612545358774737,-1.944592718595332
1,19,0.5535359424724546,0.9999998550904349,5.2541677038405946e-09,1.3965539749365575e-07,0.23299169998820154,-0.3349818903303489,2.225634914329736
1,20,-0.015845954946487543,0.03716330577887453,0.8166336135305073,0.14620308069061813,0.5092464744620874,0.09165267346169806,-3.044031543946064
1,21,0.7391026553733604,0.02823671551015844,0.9421384201682448,0.02962486432159684,-1.1040229959195087,-0.24884286618390183,-4.342618134188956
1,22,1.5818493008736136,0.017557474267113404,0.9591453920893692,0.02329713364351731,-0.7992998884150451,0.5930570483294315,-4.541961581764132
1,23,0.10998505766536244,0.44651390108596933,0.5064157998624478,0.04707029905158303,-1.2839849733668887,0.4922067776740159,-3.822093023605865
1,24,-2.1394218349422847,0.017660062065763003,0.8793886166631728,0.10295132127106423,1.4823330254640132,-0.6470195008695715,-0.9405129107903341
1,25,-1.1194681086453,0.004019373973491283,0.9853424287442721,0.010638197282236502,-1.2775439737335639,0.6748459160165828,-1.2425382324474052
1,26,0.192057958788213,0.7303506317664817,8.69975402005002e-08,0.26964928123597826,0.6949605079664659,-1.2590708373843453,-0.6168809288682097
1,27,0.08063949950367486,0.00045203417165896,0.02799704344315842,0.9715509223851827,-0.4474432268769203,-2.1766941909088007,0.6581304589983098
1,28,-0.07914283173096823,0.00013023415506875117,0.14986986143361472,0.8499999044113166,-0.7239910410089269,-0.2969810120917166,0.25738934171932326
1,29,-0.27393191800384076,0.002235505444057306,0.8150724067324695,0.18269208782347313,0.36487012651379186,0.3938330038537067,-1.3644844120726876
1,30,0.11688031196368226,0.091974165557409,0.7840267463993055,0.12399908804328556,3.225393728657968,0.005981224687574729,-0.3040356185230565
1,31,-1.0394366004413291,0.007848565859283925,0.945881464931101,0.04626996920961504,-1.7649847173989168,-0.19403991235419885,0.9158540005896799
1,32,0.3255660436034723,0.05540695508368089,0.9193781017737566,0.025214943142562517,-5.505959308686023,0.3907271980039422,1.7119471972134483
1,33,-0.0026130335712466206,0.023173804374167273,0.8512968705311755,0.1255293250946571,-3.2518349237644113,-0.5579628468206814,2.6837179126045827
1,34,0.11266463477685726,0.19417791058600148,0.8046134405969657,0.001208648817032817,-2.4411399143393977,-0.23097488090706533,0.6646472118357274
1,35,-0.1330717065034037,0.2429987007203677,0.7551562682057421,0.0018450310738901906,-2.5032437630635527,0.7266541312923439,0.5641165499338531
1,36,-1.368931078526697,0.005937866068504521,0.967599302555215,0.02646283137628037,-5.307902344194378,0.22766034036058083,-4.590640931183511
1,37,0.2934257016065844,0.0017119002794835048,0.9696599494594093,0.028628150261107252,-2.673244725901281,-0.14599022543943033,-1.0220020728526402
1,38,0.12654531658184534,7.398683247582296e-07,0.253239180615671,0.7467600795160042,1.008816764228652,-0.8032747899843173,-0.40955792441328
1,39,0.4090831073926441,6.252463340650642e-07,0.37089296782964665,0.6291064069240193,1.631418722533359,1.4018974186300448,0.34232885125841944
1,40,0.18871089081339504,4.490094056312021e-09,1.954119425185353e-08,0.9999999759687116,-1.6909729454136866,-1.8820343528117425,-0.2711478211923208
1,41,1.3251605361551588,1.6059352957541284e-06,0.15366382373762455,0.8463345703270797,1.4842764762060654,1.8680044993703264,0.6239773204213261
1,42,0.13422872240126496,2.961656927632451e-10,0.0013620628607808577,0.9986379368430535,-4.484050704680157,1.568161356345093,-0.20638290967360784
1,43,0.6646276980848556,1.595975835677196e-07,0.6448376832066979,0.35516215719571836,-1.5516893628968316,-1.978766354993108,0.6458400678041264
1,44,-0.825004684648365,5.7250170398047326e-08,0.0028341353257817043,0.9971658074240478,0.43619350824097725,0.9515639099947886,-0.6659341633099006
1,45,0.9855278830894906,0.13620919716711655,0.0444088391745268,0.8193819636583567,-0.7104900507080424,-0.2599470894538176,0.4211919422690222
1,46,0.9592515848504081,0.8821774452892689,7.74034396319985e-08,0.11782247730729146,0.5102498466558293,0.5752149373179856,0.020435627688352463
1,47,-0.01452953210719379,0.0020555812861624985,6.128938379632764e-08,0.9979443574244538,-0.6998104829343502,-0.06324634284836479,-0.21346971746902701
1,48,-0.23809509714112484,0.0013121061786472024,3.141201786763978e-08,0.998687862409335,-1.0214859590466172,-0.0339871108160219,0.25747382597586366
1,49,-0.8775911924856689,1.996587170565301e-05,0.9999429362016181,3.709792667623852e-05,-2.170372510524104,-0.2926249221025715,-1.613083821162478
1,50,-1.055497745093552,0.0001220764837188339,0.9998770443028974,8.792133838380877e-07,0.3820207724561016,-0.2281237423249242,2.167275884561769
1,51,-1.9040694054139242,0.00019865266618975157,0.9998005653061529,7.820276573771473e-07,1.6073841603781804,-1.015331519721616,0.2345997260011025
1,52,-2.2508126325627202,1.3048430475409903e-09,0.9999997405676395,2.581275174332069e-07,-1.5950950303458642,-0.28571914994433456,-0.22851199363159524
1,53,-0.29752222159599445,1.376337729012919e-09,0.9999995901481847,4.084754773986388e-07,0.03365625701136443,-0.44930898432466637,-0.5437475791345235
1,54,-0.6468776081116712,6.973094084214317e-06,0.993659552962472,0.006333473943443793,-0.48843444523385127,-0.5622924062884722,0.7731432545650417
1,55,-0.9999252391236972,0.9949214017611311,0.005077860163644408,7.380752246557333e-07,-0.07297030393365105,0.6306176291308669,-1.1677019638974655
1,56,1.1696038529143387,0.014022575415604728,0.9010961309955399,0.08488129358885538,-0.7343744238312736,0.19931896628911527,0.5690742518669637
1,57,0.5957594050331094,0.01768727122029742,0.9788237287610375,0.003489000018665065,3.713778881490568,-0.5724837158822074,5.296520175639177
1,58,0.7893315396853199,0.013047836787732876,0.9819614281450768,0.004990735067190334,3.68846034468534,0.08452262512757253,4.694396720548299
1,59,0.0271667346493751,0.0005140141547746844,0.8885054492275662,0.11098053661765905,0.970668773748501,-0.014878367908886091,2.693773384294299
1,60,-0.8476464556625718,0.000388758944830814,0.9985354259586061,0.0010758150965630082,-0.4576128371512738,-0.18051034021362064,3.2843388000210063
1,61,0.0780078878099228,0.0004123837452543655,0.9995874396308302,1.766239155371517e-07,3.380104942626903,-0.031807418417378115,1.1266488406580781
1,62,-0.48017573457504764,0.3796150299227047,0.37417322787946583,0.24621174219782946,-1.1466115308881881,-0.5840120896318128,-1.8440255381703312
1,63,-1.3326522375714012,0.2653299950843973,0.6573214592088923,0.07734854570671042,-0.6425096227005415,1.2394155574148715,-3.7685513520722553
1,64,1.8402351310626706,0.9883571010053739,0.011342042410405503,0.00030085658422049686,0.8506363469794709,-2.1020003757688706,-0.6608107312231699
1,65,-1.9178989524954293,0.2686204060126832,0.0004295107779311334,0.7309500832093856,0.3494256529007908,1.3800521393112652,-0.7343934740867148
1,66,0.7544169688530823,0.9964670738249948,0.002440118782481966,0.0010928073925232887,0.4500636229195831,-0.1608410027476138,-2.072399111666694
1,67,0.2690358270912801,0.98936407058517,0.002272413019603459,0.008363516395226514,-0.5457401055900187,-0.8776066031487804,0.27167735924787983
1,68,-0.03642042774067789,0.992383361868328,0.002892333639240463,0.004724304492431562,-0.35531952514273957,0.01242621814213292,2.0570811589658162
1,69,-0.1790105686152912,0.8568905070861296,2.3924803428989805e-11,0.1431094928899456,0.06495333945773644,1.2739482614643918,-1.7357606914776273
1,70,2.1563262448976217,0.019117891344580827,2.285338930501791e-19,0.9808821086554192,-0.1282008100942356,-1.537018933392829,0.30372466441470625
1,71,-2.7251696122407263,0.0005863704642828899,1.9320903556443062e-21,0.9994136295357171,1.6340698187927256,1.8202108192305082,-0.7821437075555826
1,72,-1.9593602565414863,0.0024855489771325218,1.3483651773378661e-20,0.9975144510228674,2.649827365402998,2.400310968049714,-0.25189761760241897
1,73,-2.6874844094429466,2.304576447990142e-06,5.320019527440982e-25,0.9999976954235521,-2.8459181725015004,-2.2319526340716536,-0.78015053954288
1,74,2.6605368621250522,1.2991975845538008e-06,7.241287661660582e-25,0.9999987008024155,1.1034413113351507,1.1672950378806002,0.2132357058325216
1,75,-0.11298541442148877,1.5008564148325837e-05,5.940066979163926e-19,0.9999849914358517,-0.47487739262901657,-1.4075430463478964,-0.31952666634667964
1,76,2.985509248385686,7.61329638519718e-06,3.667455943906035e-20,0.9999923867036149,-1.109008589811359,0.7799793470283012,0.7497191951710598
1,77,-1.2676563193406436,3.2112826061337635e-08,7.8509665168825e-23,0.9999999678871739,-2.179604079887001,-0.3038391341191852,-0.24659414250144499
1,78,-1.887644937265504,0.39803702574458366,7.676113046909905e-12,0.6019629742477401,1.6623092442060696,0.07286371766814878,-0.6693313222673202
1,79,-0.5106968974837185,3.72984534944439e-06,0.9971997968047579,0.0027964733498925705,1.6867077959521413,0.5044168318801836,-2.524084291352013
1,80,0.6476251237198802,1.0144264863997247e-05,0.6105814372210377,0.38940841851409824,3.920545331418842,-0.21005929336731072,-2.3311976871494613
1,81,1.400486626568986,1.2561650442879637e-05,0.9977629081333536,0.0022245302162035236,4.37941922793142,-0.04274910568678682,1.4658162891855961
1,82,-1.009302562789731,1.671287853153427e-08,0.8708909882911133,0.12910899499600834,7.0682165415799005,-0.7496051972963367,1.9264310375502545
1,83,-0.08385352799770525,3.381945081027246e-08,0.9831479583216453,0.01685200785890396,6.104333680960141,0.02430818443410382,3.721382775542042
1,84,0.192218644741396,6.199576867782599e-08,0.8745792070138192,0.125420730990412,7.526342084201712,0.08133802834517938,3.7711655240550113
1,85,-0.3572540434253122,4.092569969584614e-08,0.9891988526279619,0.010801106446338454,6.035694813515239,0.023351285684676388,3.179177999591068
1,86,-1.276623719440617,7.929840723359849e-08,0.9363697098097691,0.06363021089182369,-0.9798231599171711,-0.03775736878753746,2.570964980194221
1,87,1.0271898433867053,5.508485761402134e-11,0.9997218154566767,0.00027818448823845114,0.377061064407443,-0.4212331811993874,-2.8841024639242843
1,88,-1.1135392309782028,1.417005185712937e-11,0.9999956755435169,4.324442312924307e-06,-0.9272436091181223,-0.8463188922970276,-3.915808099614904
1,89,-3.3271148497873813,4.706368627219971e-07,0.9999995293419756,2.116174521077283e-11,1.0897848109380461,-0.6817211953238976,2.7056146810624515
1,90,-3.4737959603525956,0.9005583048491211,0.09880110106591908,0.0006405940849598263,-1.3829502926334611,0.2454837816679042,-2.797823089165957
1,91,-1.5686350166792693,0.7195436269859844,0.2804394261357417,1.694687827407171e-05,-0.35041657032727697,0.2507008870869839,-4.232217473538866
1,92,-0.5658616771663141,0.8577064326679322,0.14228887280581107,4.694526256640203e-06,-0.4806612877410821,0.9219767718465511,-4.877278788738358
1,93,-0.6898863566739265,0.9501562531184441,0.049833378008965146,1.0368872590873482e-05,-0.15191111469188626,0.13855849194721132,-4.537713636697839
1,94,0.5264660369275699,0.13778098974503927,0.8622190100214178,2.3354299282459766e-10,0.26415380287819457,-0.1369705635895618,1.9403136065037667
1,95,0.49909396666023165,0.0006395520433670251,0.998407266261832,0.0009531816948010136,-1.6455422266367723,0.1939897425024634,-2.033490830697862
1,96,-0.7828494710097842,0.0003997343947050806,0.9995984374006632,1.8282046316873944e-06,-0.3122883192890452,-0.483870263506913,2.3822390119688563
1,97,-0.7321131771475592,0.00034553187124623824,0.9996544655249302,2.6038236149339102e-09,-0.3712820592723314,-0.6101210349876454,-1.923607071056717
1,98,-1.0252266183044028,0.0002014700503021998,0.9997984548855928,7.506410504506696e-08,-1.178620235058068,-0.21357057056174886,-2.0481723992239353
1,99,0.8727865297799098,0.8447225944452581,0.15527738851626322,1.7038478545923773e-08,0.5925477096285998,0.1996328646767376,4.020385901925179
2,0,0.47005057781972476,0.9999999979763035,2.023610516627813e-09,8.602129860806385e-14,-0.13175969906868717,1.0253844014595603,2.3064353286773924
2,1,0.4539981593924291,0.9999973303885005,2.6696114511309745e-06,4.833296894656224e-14,-0.17970375429427826,-0.5373413489511394,-0.8374435913830809
2,2,1.6219717617227927,0.9999963332122425,3.6667836114219128e-06,4.145959045033969e-12,0.3719724243850998,-0.10891224703787604,0.4126081856882962
2,3,-0.6456919677622979,0.003331781220569157,0.9966682129687084,5.810722548734856e-09,-4.123475981999152,0.6153245730353663,-0.48517547613368667
2,4,-0.7168549953437047,0.05958838206043356,0.9404114503134782,1.6762608821730106e-07,2.540303689206729,0.29478600841693653,3.2936276020686583
2,5,1.7734234327962526,0.1426758777845979,0.8573218798938215,2.2423215806755215e-06,0.7927583221803728,0.3868637208536071,1.6357594542388103
2,6,-0.5289733327581725,0.05511604244243265,0.9448832399299956,7.176275717094378e-07,2.248333792002205,-0.5418368548275306,2.056670728428105
2,7,0.49905928111278425,0.02964723968487397,0.970352760314943,1.8293132638454996e-13,-0.668940527789208,0.370506752497566,-2.627352118193749
2,8,0.30676763666349477,0.009620128277917315,0.9903798717030766,1.9005989342174194e-11,-2.7205544351983115,0.15569854116551915,1.4666216284780964
2,9,-0.6147258776017576,0.5287541315289302,0.47124566938781315,1.990832566205338e-07,0.48998053876684405,-0.32264827047873046,2.059206987374941
2,10,-0.5595435361125497,0.6915278652412791,0.2991838503731265,0.009288284385594285,0.7878478227738742,-0.7702383936639118,-1.8400230798600379
2,11,0.07159578157870736,0.6828240087037001,0.3096839309988667,0.007492060297433255,0.4348067888606754,-0.9714180445116439,-2.078952070643318
2,12,0.4883560108767476,0.032026361847433606,0.2631456561951396,0.7048279819574268,-2.1531875549031634,-0.4129709168086335,-0.05683102176656876
2,13,1.1134653605119122,0.0208659634073606,0.10741785476144547,0.871716181831194,-2.2253928121828497,-0.3348262517016068,0.05544633333924343
2,14,-0.9474146331737082,0.21072491860617393,0.7320851156202136,0.05718996577361242,0.21819498827485484,-0.21542249211368114,-0.9545078997264216
2,15,-1.3587456925195023,5.723424364186751e-07,0.9900757098307246,0.009923717826839097,-0.16175425565211352,-0.9823963956566499,-0.1375470520723599
2,16,0.6216156539393572,3.3131553280021054e-08,0.9963491789876654,0.003650787880781264,1.7088388849980114,-0.0728797618359784,1.6302161400969493
2,17,0.1640456201833216,7.117660356018924e-11,0.999979474564626,2.052536419718092e-05,-4.525983011252075,0.4711287487098619,-1.5303915629523017
2,18,0.671625134007416,2.0886411707123255e-14,0.8678618394485609,0.13213816055141822,-0.17732989593156767,0.6963577386238904,-1.8372902789197405
2,19,0.8365156103292041,1.7644320601856808e-14,0.8024127036726748,0.1975872963273075,-0.3498838404015202,0.7177308959772161,-1.9049269261930466
2,20,0.4070018629102164,1.3050187252506468e-14,0.36238761445970646,0.6376123855402805,-0.9712796860909546,-0.15997042379153725,0.06190455453156435
2,21,-0.05662572625070702,6.815747614527686e-16,0.99901269399487,0.0009873060051293033,-0.1703832040902264,0.02196088134784994,0.5631674672784954
2,22,0.948966442192958,4.0463293332976935e-16,0.9996992147472569,0.00030078525274270066,-0.7144662439700246,0.02565319678971995,-0.13241889484114794
2,23,0.8928603192668333,5.627334823868953e-12,0.02120522017351803,0.9787947798208546,0.8020708938242862,-0.012929986885376532,0.07801825345274535
2,24,-0.06105025096439826,5.032753510656987e-12,0.022499469081692394,0.9775005309132749,0.708752849085375,0.9906185180053089,-0.1717444416790789
2,25,-0.11632573050696565,1.5364090327619165e-16,3.5769683129166083e-06,0.999996423031687,2.006610799317615,1.9432769153150078,-0.20032452816949053
2,26,-0.6026827541882673,2.8459082140449298e-11,0.38843696659875343,0.6115630333727874,0.11896109771207146,-1.0351388107998118,-0.42775332219843254
2,27,0.5858547976636632,7.928151133954196e-12,0.14484385971987834,0.8551561402721934,-0.3400691087909672,-0.1337989264143163,0.4236796111960285
2,28,-1.1246131347064239,1.0226947664369947e-10,0.10755088307537174,0.8924491168223588,-0.2555709543992986,-0.6367574958062081,-1.0277408363558862
2,29,-0.479741111557261,7.933492786326468e-11,0.1386261056435221,0.8613738942771431,0.7949813729475047,0.7867924145791768,0.1903814981390905
2,30,0.26557633540354686,6.942480807489344e-11,0.9971948319380596,0.0028051679925156,-2.8451400846884614,0.09549170062827905,-0.5037538579988912
2,31,-0.1149375946704311,8.491858644605714e-17,0.026788612678855288,0.9732113873211446,2.603225682055993,0.44258396523426197,0.2880305182140453
2,32,-0.822216882159552,7.754308958288132e-12,0.999434746240152,0.0005652537520936407,-2.168036045582735,-0.2031689582811059,-0.9639837918252835
2,33,0.09336031362233752,3.0361177307073634e-12,0.9138114123181295,0.08618858767883439,0.07371691409375773,0.07725407315141469,1.7182862550538347
2,34,-0.5675858592468618,3.7412083769318964e-13,0.7027759840286384,0.29722401597098747,0.5663311115986046,-0.6616814635901704,-0.0778666543892761
2,35,0.5129978461322174,7.050347705007507e-23,6.52439888858353e-07,0.9999993475601112,-0.5425216836473424,1.558164403267228,-0.36557629889019155
2,36,-0.5681587759093,3.616066689187444e-28,3.088588316912597e-12,0.9999999999969114,2.070669470955123,-3.3713637838795285,-0.14112905748396834
2,37,0.35524750026939095,4.631422625967587e-24,7.671382196551081e-07,0.9999992328617803,3.3053944428859263,0.22513850256023238,-0.44703463461464477
2,38,-0.514493299416932,2.270687064608452e-05,0.9999772252267952,6.790255875363971e-08,-2.033364629594729,0.23100953843924393,-2.292986570946333
2,39,0.34478648524487887,3.522165608155037e-07,0.9999990359154287,6.118680105876808e-07,0.7542944572698116,0.37569628295606794,2.005780606847649
2,40,0.1768511331353342,9.142068979903235e-11,0.9999999999081475,4.319064372934155e-13,-1.338705857753257,0.4495219373367768,-5.8076677784327675
2,41,-1.1518465451375013,4.8631548302606565e-09,0.9999999918105212,3.3263241206957047e-09,-3.618264255139296,0.47007532074073866,-1.9779146723576084
2,42,0.5091295397376182,4.746514351253507e-10,0.9999999995252484,1.0017712426221413e-13,-1.770753499654552,-0.32023838247105313,-1.9660894831155684
2,43,0.3189653008012061,0.0013037913403191916,6.312435071894017e-08,0.99869614553533,-1.8357895805679616,2.2503244264025337,0.0016398677342148488
2,44,0.8133185921180478,0.23089347375545097,5.528394580830267e-06,0.7691009978499681,0.48985967711082423,0.5099382269425817,0.11976958481332299
2,45,-1.4026566129758427,1.6935682734149208e-06,5.0966624955036135e-08,0.9999982554651016,-1.0339300972936787,-0.34527285131088764,-0.2851252638214946
2,46,-0.6840866311308491,9.378890982436032e-12,1.969101912259695e-12,0.999999999988652,-0.8148045285953699,1.2542512406684405,-0.20837417999901456
2,47,0.01926734020659027,2.889210353691401e-07,2.058902112593832e-10,0.9999997108730744,-3.012677613864635,2.038977942130255,-0.24240030312001343
2,48,0.770874359528317,0.9765768245080765,0.022269998561956175,0.0011531769299672747,0.47718570217499684,-2.101862156417208,0.8008355410349043
2,49,0.8562587983765307,0.5240751489303991,0.4759109598197945,1.3891249806450573e-05,-0.03025628461355366,-2.316028438822648,-0.3057583459417514
2,50,-0.05242553961831573,0.9730900990918865,0.02690717787694871,2.7230311646959527e-06,-0.33597939780605646,-1.340144932588052,1.7405321814110153
2,51,-0.23233247523726852,0.8566858153737307,1.0940766161982043e-08,0.14331417368550317,-0.40637572823159657,2.724944908227677,3.2315845342728564
2,52,1.0930083168306752,0.9987444539009408,9.577567209675862e-07,0.001254588342338199,-0.11977347684157837,2.0810907544374464,1.0751195333986248
2,53,2.655767675854911,7.481619220654977e-08,6.06120253365604e-10,0.9999999245776875,0.1372902490532279,-1.3423954881723168,0.886017133523475
2,54,2.0931836393727568,2.366426811636412e-08,2.8721911093148936e-10,0.9999999760485127,-0.46719884760838926,-0.7008690508234927,-0.598526459650972
2,55,-1.8790363144834783,0.058513762527516174,1.249602055214531e-06,0.9414849878704286,0.2068130856560303,2.5935101477664144,-0.9992817474889827
2,56,-3.5689631055436095,0.3643277715258015,1.3397911856795065e-06,0.6356708886830128,1.4905382482019824,3.2014146955488716,-0.690198687135282
2,57,2.7097801096118506,0.7896709184914888,1.914884006945382e-08,0.21032906235967094,-0.5351913800698468,-2.6713318537734296,2.7137234554224494
2,58,6.308317672658864,0.8525895221245222,2.3828270431055537e-07,0.14741023959277358,0.3040636237030675,-1.048330413938139,5.2421411621754475
2,59,6.7018383262001,0.46841129481299376,5.6125972698028086e-08,0.5315886490610334,0.04369015175246376,1.6470243337845416,6.320154025797976
2,60,4.746165988008512,0.9716434726336415,2.2996377493722936e-08,0.02835650436998103,-0.2784337974159995,1.2862818383470316,4.3164579482459775
2,61,2.8602824305903023,0.9103595733942955,1.2518274476538203e-10,0.08964042648052176,-0.4231617373814914,0.7311841588440664,2.2730024676827285
2,62,-4.281640472332874,0.9499335890452468,1.811424361191396e-10,0.0500664107736107,-0.10805800807621872,-2.2960508858814848,-2.2163398756233
2,63,2.3275627099615086,0.9980604682111881,2.9753939508393324e-12,0.0019395317858365575,0.3799108909534906,2.2430547458603534,4.4927940556942625
2,64,2.1677598543310173,0.9975075247113961,5.433601412967976e-12,0.0024924752831703145,-0.40660536703774025,2.026219007828778,4.518192912305908
2,65,-2.3189554658438607,0.9999996843252368,9.21157350376821e-14,3.156746710726306e-07,-0.025538013837757403,-2.159105896985767,-2.042849767039301
2,66,-2.5746932144367247,0.0002580467446076737,0.999741953008938,2.464542734283392e-10,-1.8279219525345987,-0.7464036345846391,1.0691998894494958
2,67,0.6751535788754693,0.0001458143906169424,0.9998541846097283,9.99654686166596e-10,-3.3630714397096813,-0.09330762210776242,1.1586991064834833
2,68,0.8200125809592228,0.0006543985997548667,0.8179836989936292,0.18136190240661598,1.9807368494129773,-0.7540017480697428,-0.9423966807266593
2,69,-1.3362671735202512,0.00013771561606206744,0.7606611608883149,0.239201123495623,-1.7127652532463296,0.6427549394838503,-0.4148709999512055
2,70,0.20664418970408457,4.4372418934767204e-07,0.007731603620887408,0.9922679526549233,0.18864038342069075,-2.13106713122516,0.03619914258212793
2,71,-0.2640746992108131,3.3256562315983196e-08,8.90310150127446e-05,0.999910935728425,2.2200014398998054,-3.2880131549891987,-0.7698973164632124
2,72,-0.45115070681221736,8.00484155698537e-09,0.00018771440865368688,0.9998122775865047,-0.4846224549721029,3.6040466854285205,-0.6637408985097473
2,73,-0.26928455136818286,4.7450634691239645e-18,0.007446116559133725,0.9925538834408663,1.5122655298108112,1.3485172478944505,-0.5145265229113398
2,74,-1.1774538033074124,2.201335863321804e-28,0.031221794450078867,0.9687782055499211,-0.21958408757072273,1.2609292081081318,-0.14612415505671372
2,75,0.91238743512736,2.787760148500357e-27,0.9133080195215918,0.08669198047840813,-0.6341779530004215,0.13073659679240882,-0.547541056800574
2,76,-0.2246362805190657,2.0794842811562015e-27,0.798125466199166,0.201874533800834,0.4509547497215482,0.4981427896014378,-0.5195893516940762
2,77,0.7175530118874973,6.159240813153086e-30,4.839966187124855e-05,0.9999516003381287,1.967917313884166,-4.157337638408331,-0.8211363982983408
2,78,1.986224199127599,2.7860870449571723e-25,0.8165464862408455,0.18345351375915456,-0.4754077545269434,0.12766128429289994,1.062195859530134
2,79,-1.0735479056746495,2.6182491562459518e-25,0.9387837865113079,0.06121621348869198,1.6943197811609605,-0.3024504285879887,-0.9561711557194145
2,80,-2.2044770158341227,4.0124185261031714e-25,0.6969150846187736,0.3030849153812264,0.733429323642847,-0.8242215094509656,-1.4337451417831764
2,81,-1.444174337595993,1.10002770620251e-26,0.10387241657790483,0.8961275834220953,-1.808640608997561,2.1284540452680343,-0.296343234784531
2,82,1.2278394156234764,1.2397994360500321e-27,0.0010327035509208353,0.9989672964490791,-0.26457725748160765,-0.08732595308875768,-0.4032048906424439
2,83,0.7678691324117998,3.467107613081062e-18,0.999548382608787,0.0004516173912131002,-0.6750796143987213,-0.02464572533429992,-0.40232838898692685
2,84,0.9768454587668572,1.3653609168261515e-17,0.9954052018613458,0.004594798138654282,-2.083454037564261,0.06460657977139839,-0.6473226729050438
2,85,0.8391136233142986,0.744638245201413,0.2552625839744631,9.917082412400553e-05,-0.3652593412079822,0.5896997581306694,0.4371541854779995
2,86,-1.7452540175573972,0.44583439024134275,0.5513965048111757,0.002769104947481534,0.106937550799992,-0.6671273278453319,-0.553694680459835
2,87,1.1407885212260909,0.9579710557018911,0.026711032420044276,0.01531791187806463,0.4671247254151638,-0.6899885467092067,-1.2793193636372155
2,88,-2.3363762293280828,0.23663022769003497,0.18370853403085577,0.5796612382791094,0.22331965699944817,-1.961708858236718,0.6586176940428646
2,89,-2.0462056268769167,0.288965104904169,0.16120233314261506,0.549832561953216,0.29169176816447145,-2.0538768871111306,0.33698475617076445
2,90,1.0114084243701194,0.3313004673387092,0.5761887488084808,0.0925107838528099,0.2909007836691067,0.907441180207125,-0.5992523135643151
2,91,0.022911941225957525,0.08154526518143242,0.016481928790640855,0.9019728060279267,0.413988275190113,0.617375793923178,-0.04007094277986132
2,92,-0.024190819545525176,0.6648313356296334,0.042760560159497675,0.2924081042108689,-0.16445253650431707,-2.7022663704143075,-0.3994987689734989
2,93,0.5479711716589712,0.965520222218822,0.03231413299238051,0.002165644788797403,-0.05461163570019401,-1.3268205856015105,3.126496725418636
2,94,0.04385768564949584,0.99999941203142,1.3766637279034372e-13,5.879684425011079e-07,-0.029013747074225483,-0.6800511499649566,2.4323651992302895
2,95,0.19710652286980748,0.9999568706993559,4.663824018297697e-13,4.312930017774997e-05,-0.12353477773996939,0.0360005614222628,-0.4494680030431267
2,96,-0.2959671808766711,0.9996663488718474,1.5838650704221114e-10,0.000333650969766173,-0.3561226978429063,0.2126550748873766,0.07930881029110048
2,97,-0.5151545425012048,0.20194157978325186,4.3857760615198726e-14,0.7980584202167043,-0.26158910069502395,-0.014256894384864546,-0.14413257989117123
2,98,0.22406255902859046,0.9999999999999996,3.1987288962288636e-16,3.012006984475094e-16,-0.06767073588543684,1.054603623663126,2.533753470558959
2,99,-1.7456076045713766,0.9999999998940758,1.059240814042286e-10,1.238610107366052e-22,-1.166157010376632,-0.33579075783316875,-3.485966980648364
3,0,-1.4332872819470923,6.965725298027206e-07,0.9999522597559829,4.704367148719896e-05,1.7531652152038901,-0.9178041752542987,-2.3244843780269795
3,1,0.2631388614176611,3.5139475147124064e-07,0.9917517610033542,0.008247887601894148,-1.299124396177177,0.5289124021521,1.2969158471277806
3,2,0.9633011036076943,1.1323158477611007e-05,0.9999886768406452,8.772432708969782e-13,0.870551880920046,-0.4524899476960967,-1.6989485808749794
3,3,-0.09374894231764096,0.21084467330624876,1.5702716836748153e-05,0.7891396239769145,-1.650369401548585,-0.21305192060152275,-0.9594130191094592
3,4,-0.6970893351880281,0.4430158085099717,4.556077258860706e-05,0.5569386307174398,-0.42188224062222973,-0.1788283959720922,-0.5909509027105166
3,5,-2.8555361677503552,0.8806233992146967,0.11645855837279971,0.0029180424125036554,-1.0265587179449,2.1544484697229658,1.4593253612263628
3,6,2.5580313660708796,0.9992426108879138,5.6291712785185035e-05,0.0007010973993009802,-0.10688999249644585,-4.319785721771669,-2.52142840699694
3,7,1.5438385463176079,0.9997954441916279,3.880314719456479e-05,0.00016575266117737752,0.6896159834902968,-3.4902994263035296,-1.2632976326618155
3,8,1.0401190678439314,0.9997844856923633,3.153395352985033e-05,0.00018398035410682523,0.7840360412037634,-3.1953434710375612,-1.4491700690204943
3,9,-1.0741106142112977,0.9971114736684288,0.00035515012743796663,0.002533376204133165,-0.49533560924514514,-1.6116886415207456,-1.7037561422525271
3,10,-0.9867983535208288,0.9964940106023733,0.0032361413506996786,0.0002698480469270103,-0.20168122015799264,-1.0384413434950122,-1.0273599782261071
3,11,1.6493687753400175,0.0001519706632090733,0.6290609265159377,0.3707871028208532,1.2506371606725302,0.276711649118107,-0.019432983004958767
3,12,1.4193897841490621,0.00016295969897578134,0.4972718613983789,0.5025651789026453,1.163018010513499,0.6493855457458207,0.01528637284591693
3,13,-1.5206959679114251,0.7303976835053929,4.2770923579124543e-19,0.2696023164946071,0.45988488423549,1.0031176765231407,-0.1459685021393728
3,14,-1.8386553662677165,0.04815559238634639,2.133195153533683e-19,0.9518444076136537,-3.182922279505285,0.18317055218415287,-0.18686313334481508
3,15,-1.9018543695169348,0.005322987299188489,1.8800968915532805e-14,0.9946770127007927,3.210111799190393,0.6649035436532116,-0.29468155985483957
3,16,-2.1026619267129187,0.002157508891365499,4.186613961077041e-15,0.9978424911086303,3.9461962877470707,-0.03706203740961212,-0.9579670398298572
3,17,1.8019962276567243,0.3448162916219574,7.650508582335548e-15,0.6551837083780349,-0.6602376546517486,1.335329772005471,0.8350571501478314
3,18,1.246246761939645,0.9950844637626913,1.6721714972246238e-10,0.00491553607009153,0.20657831375176777,-2.7502931836567917,1.6052964815042956
3,19,-0.9444601143135676,0.5076885564523806,0.49231144351303024,3.458904798616003e-11,-0.8171250007697416,0.7930514404261445,-1.0111997399733386
3,20,1.9160855777972194,0.7370324815384456,0.2629675183369329,1.2462153416367663e-10,0.30011158806883825,0.189101080379224,4.7678025112249625
3,21,-1.9087739216296309,0.9455218476654952,0.05099026478365058,0.003487887550854048,-0.7979710216008594,-0.6926602797230291,-1.6864872552260923
3,22,-1.6111184831833425,0.9264320791553861,0.0391499786633899,0.034417942181224105,0.09435187411539175,-1.1095050683038843,-1.6139266025500165
3,23,-1.2595707541384296,0.39728366300405654,0.19780660417124846,0.4049097328246951,-0.7772733055727223,0.3121643869933195,-0.2274236543503385
3,24,0.7033367159119124,0.8322760362307243,0.004296729016513558,0.1634272347527621,-0.22568702281018127,1.3472120100474523,0.08208945513970956
3,25,1.3073152971812272,0.006765166508159978,9.979449596621451e-05,0.9931350389958737,-1.8748958959940114,-0.44773280824193273,-0.3640716610549318
3,26,-1.8891126344748181,5.167245242931073e-05,0.0009699817626788457,0.9989783457848918,-0.2876288210670964,-1.5523461056700016,0.025833211074892032
3,27,1.504866714323738,0.07060650855771478,0.8694986299852511,0.05989486145703408,-3.544135229489416,1.0419754263195835,2.5924489348722863
3,28,-0.5311562914118627,0.07224220703529217,0.9255284224608,0.002229370503907919,1.0451475178317016,-0.33940036315189237,5.445011502417135
3,29,0.5087428190360975,7.827823969727341e-05,0.8697339354220699,0.13018778633823286,-1.6250231112822162,0.2165282157405199,-3.8708292876169055
3,30,-0.8957510534648438,0.000461558523526513,0.9924582990679287,0.007080142408544878,-0.47328899866980323,-0.1781882939785586,1.9328470632909203
3,31,-0.2502035573094483,0.7967109814299441,0.18823324930711563,0.015055769262940303,-0.5190824723982492,-1.587594014131999,-0.480684256923526
3,32,-0.7840683689514009,0.05344783727331371,0.23480748164476134,0.7117446810819249,-2.448558558682471,0.15575494212648272,-0.5129841213256268
3,33,0.6734718473803819,0.05472005929596857,0.9451149244216057,0.00016501628242570607,-1.1280712590268467,-0.06158093122841611,-0.5510676501337364
3,34,0.8304982530259274,0.11042001626441374,0.8889294071328694,0.0006505766027168361,-1.8146570999119125,0.44495035682020856,-2.3638428836541396
3,35,2.9636219413444005,0.00644007931088139,0.9909088052082434,0.0026511154808750706,1.0661541298685242,1.2496962606865145,1.6492228398163753
3,36,-0.19724260913341363,0.02969245459061857,0.9702855678421977,2.1977567183789965e-05,0.19554642796996713,-0.16975156764217744,-1.605459716025817
3,37,1.5938717945027214,0.07818137114281376,0.9218150945964045,3.534260781522431e-06,1.5107461616110442,-0.3662637588187743,-1.201903576116609
3,38,-1.9664747853746023,0.003861281083099374,0.17111351885356704,0.8250252000633336,-3.736267114066775,0.14539440124289194,-0.5796701982101474
3,39,-0.24821033396250725,0.0024154469877511846,0.9660963227384617,0.031488230273787075,-2.1788161305511022,-0.01179981531664394,-0.07309523335041496
3,40,0.11072032888113281,0.05577329699176353,0.9058845005287022,0.03834220247953425,-1.850189994535766,-0.4049802981817211,0.1753792381252733
3,41,-0.8055339632839629,0.3688271770050664,0.6311611953026339,1.1627692299612738e-05,0.43671126034248775,0.46607460650590016,0.6075575081469754
3,42,0.41393050906836937,0.003442389213213702,0.9581777587802999,0.038379852006486366,0.4188870913675029,-0.9243674448031622,-2.1592903499924803
3,43,-0.3023685410315952,0.007229221721119976,0.8415202123854175,0.15125056589346259,0.10328349393032168,-0.3484071986737004,-1.5553240238274355
3,44,0.3687983244656295,0.006664769750276894,0.9900227811508376,0.003312449098885462,2.2432710324830376,-0.21096753146921318,-1.2518886513718783
3,45,-0.5579559460541413,0.001228555153565566,0.7603474012330241,0.2384240436134103,0.06255736526430945,-0.11063373736945432,-0.4068799832939761
3,46,1.150268286717578,0.8659011456952391,0.1271885156298294,0.006910338674931567,-0.024000621950481714,0.32725736444877007,-2.1829827085312745
3,47,0.09553405820959966,0.00026710252686356066,0.9633504473739041,0.036382450099232286,-1.5183223679094489,-0.05612784612196008,0.6019600263327006
3,48,-0.4295899326309246,0.0016669473305845146,0.9983279242234535,5.128445961877412e-06,-0.0055108093830953725,-0.24651976493576508,-2.3985820237965956
3,49,-0.09045217385104802,0.0011884990659562092,0.9987772687396059,3.423219443789266e-05,0.3525741104463282,0.4744314601646896,-3.7746201979609673
3,50,-0.9017744485481136,0.0005258116111690816,0.9994645970689671,9.591319863901748e-06,-1.8369566273716609,-0.4761201539735344,1.94944788872367
3,51,-0.003453265209451136,0.19957430639480506,0.6912964125925604,0.10912928101263468,-0.45005237845540463,-0.14903347738519018,2.9255698195445174
3,52,-0.5673443741980764,0.5369194236491766,0.4361514368508022,0.02692913950002114,-0.9426704106181204,0.2605305385561731,1.427635332196743
3,53,-0.35123131222268733,0.00010133687455748834,0.937245902135192,0.06265276099025041,1.2451168602938643,0.006558788897160248,-0.8283023948183172
3,54,-1.6585841092027278,0.0002230507676320526,0.7761740162918522,0.22360293294051584,0.0476975995527765,-0.8918384509855808,-2.6940016780891725
3,55,-1.4784580351716463,0.9983402692655636,0.0016594969403390196,2.3379409758620436e-07,-0.8156721049073796,-1.8654940789696717,2.360929927407343
3,56,1.7362851404916295,0.05893917194685698,0.9410608146211936,1.3431949334436456e-08,-0.9443986879043369,0.9792098687869453,2.656549891691203
3,57,1.0759508717439072,0.06697569521555935,0.93302084407241,3.4607120304713797e-06,-0.28341099809496495,-0.03609922712451379,3.7156371720764256
3,58,-1.3655638152323168,0.019900685898392494,0.9800993102564045,3.845202989524813e-09,3.7955548372889862,0.0004556460459336691,-2.3529596576727796
3,59,0.7633340754355951,0.0032411083541892733,0.9967588916419529,3.857966695306708e-12,-1.6738206150720454,0.1768235159560961,-0.29683403423496935
3,60,1.0592955455746016,0.003533721446299493,0.9964662785525825,1.1181132781867798e-12,-1.402316910285232,0.25002188472688924,-0.6806135629553567
3,61,0.28128996962738506,0.002485465268531644,0.9975145347312081,2.6014324863280136e-13,-3.8557138901026105,-0.34700506942993686,-1.870163731192545
3,62,0.39616044960508273,0.0013962458042101734,0.9986037541955726,2.1726189351583163e-13,-3.798411451613156,-0.49302068989365916,-2.0405680486552504
3,63,0.6758144947213575,0.01338670459438463,0.9864970214471502,0.00011627395846514163,5.7178062271009304,0.19485233847648567,-1.430417731385185
3,64,0.4194781404819021,0.01442155290312574,0.9854636155575129,0.00011483153936129388,5.289526894403586,0.850629450852688,-0.6574329417978507
3,65,-0.6822677546212076,0.00011573352048848964,0.9998831814836691,1.0849958425066747e-06,-1.144684953477784,-1.3575719702261413,0.794187277104093
3,66,0.4315048614801429,0.0010169617692842386,0.9988750850733107,0.00010795315740514349,1.3760434638454215,-0.9967560191379606,-0.45581841523071653
3,67,-0.7957685960005356,0.0017837534048650977,0.9981555250946627,6.0721500472208066e-05,1.1454902503022708,0.2458642098972952,0.5385305892428911
3,68,0.5553942309123859,0.19831802600008006,0.8013477783051663,0.0003341956947535986,2.348897356543117,-0.6960816516233184,-0.13305230522986183
3,69,1.335474342535017,0.00013913555677664286,0.9073718347903307,0.0924890296528926,-2.874020924816199,0.3988104389848151,0.5578285970619217
3,70,-1.7218160168512429,9.725602056604341e-05,0.9986681639484026,0.001234580031031326,-0.14451973415412844,-0.2546791903853781,1.3625078445376901
3,71,1.4781778792846076,0.003653737555407921,0.20966275772559573,0.7866835047189964,-0.6959773768610381,0.8571249049989108,-0.803664384819159
3,72,-1.676096910880096,0.004931667504577394,0.979575921373172,0.015492411122250617,-4.311209648663976,-0.7139762036420508,0.2694777497154169
3,73,-1.2436265400519562,0.0134174077071151,0.9855351123498889,0.0010474799429960916,-4.335243825615013,-0.17665020865808426,-0.05346812128082742
3,74,-0.7947767889266338,0.0790856357877521,0.896951508708326,0.023962855503922,-3.2794340809635196,-0.05430560135851425,2.28196146749485
3,75,-0.5528831413133867,0.017972117012685123,0.6185500813916289,0.36347780159568593,-1.9835819416867788,-0.3922450646921655,-1.1688907369613202
3,76,-0.4631068474282499,0.010370739603364565,0.5069226485776709,0.4827066118189647,-2.1546068205408964,-1.1495227632026488,-0.3940077966380438
3,77,-1.3631472592530467,0.9982719145326016,8.684248021033845e-11,0.0017280853805558736,-0.4628594156481799,1.3164457967475325,-1.2078939948942482
3,78,0.30395350638825464,0.9795562350077225,5.481728622174925e-11,0.020443764937459974,0.07241718655349626,-2.473856009583579,-1.5079399695066733
3,79,-0.5070520776546581,0.9999357972320058,3.8831653857532725e-13,6.420276760601601e-05,-0.5754749060769256,1.8920805528926425,1.3864925167209516
3,80,0.5101792649411494,0.9974862761324184,1.234181434345389e-10,0.002513723744163474,-0.07049899874245974,-1.0707560819735173,-0.33400441730584407
3,81,-1.5398671130855006,0.20055495962017175,8.674680303219694e-11,0.7994450402930815,0.8525026864334332,-1.4010732022377614,-0.1500709106172156
3,82,1.1735829989290778,0.21508843770077368,8.190265007408596e-08,0.7849114803965761,-1.8134785463948864,2.3602203941643105,0.4547142172751549
3,83,-2.4668860197732503,0.059516031198140806,4.912075706876277e-08,0.9404839196811021,-0.04805506002522488,1.7188225697221455,-0.7365418649450189
3,84,0.2840407264606411,0.12384613100275643,2.843928573099835e-07,0.8761535846043862,1.5082927945634126,2.0752437869257423,0.12304110076687222
3,85,-1.0424639847816404,0.00012601713635419705,3.878965207766053e-05,0.9998351932115682,-3.1831573114673497,-1.936882583016146,-0.033204872247787294
3,86,0.22481577408297057,0.0007148664052455617,1.2419707124465659e-05,0.99927271388763,-4.122822856458607,1.5195963008402005,0.4637011549583868
3,87,-1.2914415066179712,0.0018569487943844497,6.081275133042126e-07,0.9981424430781023,-1.920682250518105,3.968291706091933,-0.6718103585903253
3,88,1.2065352648698313,0.911613756167509,0.0006316697819496488,0.08775457405054136,0.6988295997884625,1.920319647172176,0.4534764399845696
3,89,-2.803021475250015,0.9082502359147893,0.005013790958739364,0.08673597312647148,0.07846053156617169,4.225643310685772,-2.1784507287540746
3,90,-2.171999851586757,0.9405210835383916,0.0035651394656609978,0.05591377699594755,0.6884805206848181,3.6507705485162467,-2.077453507366468
3,91,1.7348093016021575,0.9765480569872724,0.013332346618989922,0.010119596393737593,0.05728143252243885,-0.30025314765934963,-0.6647122129904187
3,92,-0.8776706763952916,0.9504812493756044,0.048948737383075806,0.0005700132413198559,-0.3953894346841756,-0.5263955456164005,1.2009788315889767
3,93,-0.4227642095358208,0.6996683067125665,0.30033168489339473,8.394038853726214e-09,-0.5383205088128481,1.0380484959431961,1.6549125896629477
3,94,-2.062255276914609,0.8213785114066744,0.17862109736924822,3.912240772972741e-07,-0.4772650913036814,0.8993508464119454,1.814667569489442
3,95,0.0044406330324823174,0.5322776266234425,0.46772219085410777,1.8252244959058931e-07,0.14300790207814987,-0.1458057432749367,-1.4022520081191396
3,96,-0.28888838637750236,0.9852469027130296,0.014753096846886797,4.400835576621805e-10,-0.36116849226567255,0.24194671224532216,-2.1083056645735834
3,97,-0.24530547407276387,0.6176972109700599,0.3823027757609873,1.326895282910354e-08,-0.9676450003303152,0.49817878535299404,0.22236066178286648
3,98,-0.16888254108375145,0.2429040082170315,0.7570959864485336,5.334434701344711e-09,-0.8813421412098449,0.7753508205092007,-0.4584360168499593
3,99,-0.2988150361689891,0.8696376999327229,0.13036229908513805,9.82139028036404e-10,-0.7457240293899863,-0.6057540897521082,1.7291814873454106
