trial,RLCT,beta,c,n,chain_index,chain_size
1,0.479694943322194,0.217147240951626,0.5,10,1,8000
1,0.468791354836356,0.217147240951626,0.5,10,2,8000
1,0.451770671995719,0.217147240951626,0.5,10,3,8000
1,0.42594828257362,0.217147240951626,0.5,10,4,8000
1,0.488008569326273,0.217147240951626,0.5,10,5,8000
1,0.456555285633029,0.217147240951626,0.5,10,6,8000
1,0.443448682029666,0.217147240951626,0.5,10,7,8000
1,0.443186523011121,0.217147240951626,0.5,10,8,8000
1,0.445502154783876,0.217147240951626,0.5,10,9,8000
1,0.424451226926401,0.217147240951626,0.5,10,10,8000
1,0.486574916945683,0.217147240951626,0.5,10,11,8000
1,0.44197046695923,0.217147240951626,0.5,10,12,8000
1,0.442704667006282,0.217147240951626,0.5,10,13,8000
1,0.419361627302793,0.217147240951626,0.5,10,14,8000
1,0.475141263346516,0.217147240951626,0.5,10,15,8000
1,0.440549197483944,0.217147240951626,0.5,10,16,8000
1,0.492300807752584,0.217147240951626,0.5,10,17,8000
1,0.443087253515288,0.217147240951626,0.5,10,18,8000
1,0.46240322832208,0.217147240951626,0.5,10,19,8000
1,0.474321612072625,0.217147240951626,0.5,10,20,8000
1,0.459150154922616,0.217147240951626,0.5,10,21,8000
1,0.452489857034291,0.217147240951626,0.5,10,22,8000
1,0.440919450392694,0.217147240951626,0.5,10,23,8000
1,0.472789378001078,0.217147240951626,0.5,10,24,8000
1,0.447032667727526,0.217147240951626,0.5,10,25,8000
1,0.446565717575133,0.217147240951626,0.5,10,26,8000
1,0.499302871118822,0.217147240951626,0.5,10,27,8000
1,0.446971758814006,0.217147240951626,0.5,10,28,8000
1,0.475221662218023,0.217147240951626,0.5,10,29,8000
1,0.493672027557545,0.217147240951626,0.5,10,30,8000
1,0.456833547221978,0.217147240951626,0.5,10,31,8000
1,0.473862927646183,0.217147240951626,0.5,10,32,8000
1,0.447254062578754,0.217147240951626,0.5,10,33,8000
1,0.458306202127786,0.217147240951626,0.5,10,34,8000
1,0.478523943622021,0.217147240951626,0.5,10,35,8000
1,0.479438614280651,0.217147240951626,0.5,10,36,8000
1,0.46551408755602,0.217147240951626,0.5,10,37,8000
1,0.494150373448233,0.217147240951626,0.5,10,38,8000
1,0.45069641957638,0.217147240951626,0.5,10,39,8000
1,0.469297634971031,0.217147240951626,0.5,10,40,8000
1,0.473909267522252,0.217147240951626,0.5,10,41,8000
1,0.426362864446839,0.217147240951626,0.5,10,42,8000
1,0.487216813277373,0.217147240951626,0.5,10,43,8000
1,0.4685449645924,0.217147240951626,0.5,10,44,8000
1,0.457413464187258,0.217147240951626,0.5,10,45,8000
1,0.450294152625003,0.217147240951626,0.5,10,46,8000
1,0.479381863584959,0.217147240951626,0.5,10,47,8000
1,0.43853629233596,0.217147240951626,0.5,10,48,8000
1,0.459657731304704,0.217147240951626,0.5,10,49,8000
1,0.498065838670105,0.217147240951626,0.5,10,50,8000
1,0.628041747504758,0.127811109317666,0.5,50,1,8000
1,0.697065258492187,0.127811109317666,0.5,50,2,8000
1,0.676606731809429,0.127811109317666,0.5,50,3,8000
1,0.66255810408961,0.127811109317666,0.5,50,4,8000
1,0.684683834830046,0.127811109317666,0.5,50,5,8000
1,0.709594060776875,0.127811109317666,0.5,50,6,8000
1,0.716938532082413,0.127811109317666,0.5,50,7,8000
1,0.715816772563218,0.127811109317666,0.5,50,8,8000
1,0.661672639815906,0.127811109317666,0.5,50,9,8000
1,0.705476739199636,0.127811109317666,0.5,50,10,8000
1,0.683402657279518,0.127811109317666,0.5,50,11,8000
1,0.712158127061755,0.127811109317666,0.5,50,12,8000
1,0.684065156580364,0.127811109317666,0.5,50,13,8000
1,0.607870221880683,0.127811109317666,0.5,50,14,8000
1,0.654647015659232,0.127811109317666,0.5,50,15,8000
1,0.684673761415965,0.127811109317666,0.5,50,16,8000
1,0.716139865372134,0.127811109317666,0.5,50,17,8000
1,0.628639989056474,0.127811109317666,0.5,50,18,8000
1,0.67376527528751,0.127811109317666,0.5,50,19,8000
1,0.637758925293277,0.127811109317666,0.5,50,20,8000
1,0.645415130869829,0.127811109317666,0.5,50,21,8000
1,0.664597394889348,0.127811109317666,0.5,50,22,8000
1,0.69800047696837,0.127811109317666,0.5,50,23,8000
1,0.649644510136952,0.127811109317666,0.5,50,24,8000
1,0.628648988014422,0.127811109317666,0.5,50,25,8000
1,0.71787365521966,0.127811109317666,0.5,50,26,8000
1,0.67735816290842,0.127811109317666,0.5,50,27,8000
1,0.624104950451466,0.127811109317666,0.5,50,28,8000
1,0.650369452725423,0.127811109317666,0.5,50,29,8000
1,0.646773289980013,0.127811109317666,0.5,50,30,8000
1,0.662684218498909,0.127811109317666,0.5,50,31,8000
1,0.659628235303756,0.127811109317666,0.5,50,32,8000
1,0.666524383919897,0.127811109317666,0.5,50,33,8000
1,0.650381538494168,0.127811109317666,0.5,50,34,8000
1,0.659873096348356,0.127811109317666,0.5,50,35,8000
1,0.711697177868382,0.127811109317666,0.5,50,36,8000
1,0.616177021761576,0.127811109317666,0.5,50,37,8000
1,0.63572674578727,0.127811109317666,0.5,50,38,8000
1,0.704859618761078,0.127811109317666,0.5,50,39,8000
1,0.674079752663287,0.127811109317666,0.5,50,40,8000
1,0.734647313390397,0.127811109317666,0.5,50,41,8000
1,0.711129100134642,0.127811109317666,0.5,50,42,8000
1,0.673865071352602,0.127811109317666,0.5,50,43,8000
1,0.594270925962064,0.127811109317666,0.5,50,44,8000
1,0.669271966618935,0.127811109317666,0.5,50,45,8000
1,0.598943379266373,0.127811109317666,0.5,50,46,8000
1,0.679684472478335,0.127811109317666,0.5,50,47,8000
1,0.699532869914901,0.127811109317666,0.5,50,48,8000
1,0.692132778282495,0.127811109317666,0.5,50,49,8000
1,0.676982484259401,0.127811109317666,0.5,50,50,8000
1,0.656989346991645,0.108573620475813,0.5,100,1,8000
1,0.584889255619894,0.108573620475813,0.5,100,2,8000
1,0.606144425471484,0.108573620475813,0.5,100,3,8000
1,0.644097899320991,0.108573620475813,0.5,100,4,8000
1,0.649666404701772,0.108573620475813,0.5,100,5,8000
1,0.650866429624352,0.108573620475813,0.5,100,6,8000
1,0.673131799137371,0.108573620475813,0.5,100,7,8000
1,0.658505881784021,0.108573620475813,0.5,100,8,8000
1,0.618457896215799,0.108573620475813,0.5,100,9,8000
1,0.689102761491545,0.108573620475813,0.5,100,10,8000
1,0.687437280866673,0.108573620475813,0.5,100,11,8000
1,0.593616793250041,0.108573620475813,0.5,100,12,8000
1,0.649347616915107,0.108573620475813,0.5,100,13,8000
1,0.650623749770124,0.108573620475813,0.5,100,14,8000
1,0.630464028061437,0.108573620475813,0.5,100,15,8000
1,0.668879259270823,0.108573620475813,0.5,100,16,8000
1,0.623768386951181,0.108573620475813,0.5,100,17,8000
1,0.64351945380208,0.108573620475813,0.5,100,18,8000
1,0.617178766033029,0.108573620475813,0.5,100,19,8000
1,0.597766032580416,0.108573620475813,0.5,100,20,8000
1,0.656890081460113,0.108573620475813,0.5,100,21,8000
1,0.593683142406306,0.108573620475813,0.5,100,22,8000
1,0.658082730625867,0.108573620475813,0.5,100,23,8000
1,0.617347034031599,0.108573620475813,0.5,100,24,8000
1,0.62781958091362,0.108573620475813,0.5,100,25,8000
1,0.698466886389617,0.108573620475813,0.5,100,26,8000
1,0.628194618313207,0.108573620475813,0.5,100,27,8000
1,0.623204387269934,0.108573620475813,0.5,100,28,8000
1,0.596391608764858,0.108573620475813,0.5,100,29,8000
1,0.58782694059135,0.108573620475813,0.5,100,30,8000
1,0.673929868099578,0.108573620475813,0.5,100,31,8000
1,0.652182922959106,0.108573620475813,0.5,100,32,8000
1,0.629341230214367,0.108573620475813,0.5,100,33,8000
1,0.600333904480863,0.108573620475813,0.5,100,34,8000
1,0.623170629075573,0.108573620475813,0.5,100,35,8000
1,0.606730166781595,0.108573620475813,0.5,100,36,8000
1,0.670580999734656,0.108573620475813,0.5,100,37,8000
1,0.650217706706203,0.108573620475813,0.5,100,38,8000
1,0.63482883265463,0.108573620475813,0.5,100,39,8000
1,0.648295649238742,0.108573620475813,0.5,100,40,8000
1,0.60219849756794,0.108573620475813,0.5,100,41,8000
1,0.639524646046256,0.108573620475813,0.5,100,42,8000
1,0.610668642418689,0.108573620475813,0.5,100,43,8000
1,0.620308812277042,0.108573620475813,0.5,100,44,8000
1,0.598193986212429,0.108573620475813,0.5,100,45,8000
1,0.688937196671373,0.108573620475813,0.5,100,46,8000
1,0.582434947642943,0.108573620475813,0.5,100,47,8000
1,0.668565071269445,0.108573620475813,0.5,100,48,8000
1,0.616798863633707,0.108573620475813,0.5,100,49,8000
1,0.652955866928668,0.108573620475813,0.5,100,50,8000
1,0.701109135865163,0.0997877455956775,0.5,150,1,8000
1,0.697801455249087,0.0997877455956775,0.5,150,2,8000
1,0.780374318276062,0.0997877455956775,0.5,150,3,8000
1,0.680244508333621,0.0997877455956775,0.5,150,4,8000
1,0.679089923478361,0.0997877455956775,0.5,150,5,8000
1,0.728033011618331,0.0997877455956775,0.5,150,6,8000
1,0.721477976393033,0.0997877455956775,0.5,150,7,8000
1,0.690882124186556,0.0997877455956775,0.5,150,8,8000
1,0.685362660277349,0.0997877455956775,0.5,150,9,8000
1,0.709770327548421,0.0997877455956775,0.5,150,10,8000
1,0.661895997924292,0.0997877455956775,0.5,150,11,8000
1,0.669763464495527,0.0997877455956775,0.5,150,12,8000
1,0.690408198809895,0.0997877455956775,0.5,150,13,8000
1,0.706966696066071,0.0997877455956775,0.5,150,14,8000
1,0.751067706085572,0.0997877455956775,0.5,150,15,8000
1,0.704374006395257,0.0997877455956775,0.5,150,16,8000
1,0.75138369650486,0.0997877455956775,0.5,150,17,8000
1,0.670459033900165,0.0997877455956775,0.5,150,18,8000
1,0.707807680251408,0.0997877455956775,0.5,150,19,8000
1,0.673507843039769,0.0997877455956775,0.5,150,20,8000
1,0.709616874711036,0.0997877455956775,0.5,150,21,8000
1,0.757669710562373,0.0997877455956775,0.5,150,22,8000
1,0.621455830534843,0.0997877455956775,0.5,150,23,8000
1,0.680823293587874,0.0997877455956775,0.5,150,24,8000
1,0.676942900635811,0.0997877455956775,0.5,150,25,8000
1,0.711945764118106,0.0997877455956775,0.5,150,26,8000
1,0.704660133557779,0.0997877455956775,0.5,150,27,8000
1,0.701700386680036,0.0997877455956775,0.5,150,28,8000
1,0.782202073219476,0.0997877455956775,0.5,150,29,8000
1,0.728399876630347,0.0997877455956775,0.5,150,30,8000
1,0.7005556417914,0.0997877455956775,0.5,150,31,8000
1,0.773531896274576,0.0997877455956775,0.5,150,32,8000
1,0.708328752481833,0.0997877455956775,0.5,150,33,8000
1,0.686685541942553,0.0997877455956775,0.5,150,34,8000
1,0.711040478567216,0.0997877455956775,0.5,150,35,8000
1,0.619574651349036,0.0997877455956775,0.5,150,36,8000
1,0.605291635764202,0.0997877455956775,0.5,150,37,8000
1,0.657484547144474,0.0997877455956775,0.5,150,38,8000
1,0.681271936110263,0.0997877455956775,0.5,150,39,8000
1,0.75157909498242,0.0997877455956775,0.5,150,40,8000
1,0.691193964126477,0.0997877455956775,0.5,150,41,8000
1,0.709530525760724,0.0997877455956775,0.5,150,42,8000
1,0.655718996094569,0.0997877455956775,0.5,150,43,8000
1,0.692585556367863,0.0997877455956775,0.5,150,44,8000
1,0.668980296149641,0.0997877455956775,0.5,150,45,8000
1,0.775885814501803,0.0997877455956775,0.5,150,46,8000
1,0.688442756680082,0.0997877455956775,0.5,150,47,8000
1,0.713378968961684,0.0997877455956775,0.5,150,48,8000
1,0.687487684079795,0.0997877455956775,0.5,150,49,8000
1,0.740204822105232,0.0997877455956775,0.5,150,50,8000
1,0.6070310587143,0.108573620475813,0.5,100,1,8000
1,0.589033053064902,0.108573620475813,0.5,100,2,8000
1,0.621715436910231,0.108573620475813,0.5,100,3,8000
1,0.631155245181458,0.108573620475813,0.5,100,4,8000
1,0.610483290211945,0.108573620475813,0.5,100,5,8000
1,0.622484605365304,0.108573620475813,0.5,100,6,8000
1,0.648708068051318,0.108573620475813,0.5,100,7,8000
1,0.64085073500443,0.108573620475813,0.5,100,8,8000
1,0.660658458148079,0.108573620475813,0.5,100,9,8000
1,0.674192817407479,0.108573620475813,0.5,100,10,8000
1,0.630346858384794,0.108573620475813,0.5,100,11,8000
1,0.607374018159267,0.108573620475813,0.5,100,12,8000
1,0.641396963149869,0.108573620475813,0.5,100,13,8000
1,0.621549003579133,0.108573620475813,0.5,100,14,8000
1,0.60370038733331,0.108573620475813,0.5,100,15,8000
1,0.620616147700506,0.108573620475813,0.5,100,16,8000
1,0.644757694025529,0.108573620475813,0.5,100,17,8000
1,0.682720233060986,0.108573620475813,0.5,100,18,8000
1,0.627617649539349,0.108573620475813,0.5,100,19,8000
1,0.644938352663833,0.108573620475813,0.5,100,20,8000
1,0.670945881227476,0.108573620475813,0.5,100,21,8000
1,0.62207643473681,0.108573620475813,0.5,100,22,8000
1,0.618395830732131,0.108573620475813,0.5,100,23,8000
1,0.572932010235896,0.108573620475813,0.5,100,24,8000
1,0.607098680139285,0.108573620475813,0.5,100,25,8000
1,0.576946648657014,0.108573620475813,0.5,100,26,8000
1,0.536080365981224,0.108573620475813,0.5,100,27,8000
1,0.64366992090224,0.108573620475813,0.5,100,28,8000
1,0.630465014490995,0.108573620475813,0.5,100,29,8000
1,0.616770479677815,0.108573620475813,0.5,100,30,8000
1,0.587824862637861,0.108573620475813,0.5,100,31,8000
1,0.625666275834705,0.108573620475813,0.5,100,32,8000
1,0.659208806162965,0.108573620475813,0.5,100,33,8000
1,0.630333864157817,0.108573620475813,0.5,100,34,8000
1,0.58102868385854,0.108573620475813,0.5,100,35,8000
1,0.632117125193973,0.108573620475813,0.5,100,36,8000
1,0.643252489635909,0.108573620475813,0.5,100,37,8000
1,0.637113329981261,0.108573620475813,0.5,100,38,8000
1,0.644821797686367,0.108573620475813,0.5,100,39,8000
1,0.622995752269282,0.108573620475813,0.5,100,40,8000
1,0.631787218186264,0.108573620475813,0.5,100,41,8000
1,0.701641632860769,0.108573620475813,0.5,100,42,8000
1,0.631532278307094,0.108573620475813,0.5,100,43,8000
1,0.619286146716233,0.108573620475813,0.5,100,44,8000
1,0.642147475529814,0.108573620475813,0.5,100,45,8000
1,0.584237434355572,0.108573620475813,0.5,100,46,8000
1,0.611778286567048,0.108573620475813,0.5,100,47,8000
1,0.616397655702244,0.108573620475813,0.5,100,48,8000
1,0.661945564914045,0.108573620475813,0.5,100,49,8000
1,0.616974125951153,0.108573620475813,0.5,100,50,8000
1,0.710635312236333,0.0997877455956775,0.5,150,1,8000
1,0.72585063308886,0.0997877455956775,0.5,150,2,8000
1,0.685516381942698,0.0997877455956775,0.5,150,3,8000
1,0.679647351938823,0.0997877455956775,0.5,150,4,8000
1,0.693331179554579,0.0997877455956775,0.5,150,5,8000
1,0.708883644946462,0.0997877455956775,0.5,150,6,8000
1,0.667954880845202,0.0997877455956775,0.5,150,7,8000
1,0.743687159766043,0.0997877455956775,0.5,150,8,8000
1,0.741060400304455,0.0997877455956775,0.5,150,9,8000
1,0.681931565033308,0.0997877455956775,0.5,150,10,8000
1,0.731470767126745,0.0997877455956775,0.5,150,11,8000
1,0.736102323747159,0.0997877455956775,0.5,150,12,8000
1,0.691514302033982,0.0997877455956775,0.5,150,13,8000
1,0.70482820976831,0.0997877455956775,0.5,150,14,8000
1,0.705285447829612,0.0997877455956775,0.5,150,15,8000
1,0.66941611938228,0.0997877455956775,0.5,150,16,8000
1,0.691769840290114,0.0997877455956775,0.5,150,17,8000
1,0.632214805505744,0.0997877455956775,0.5,150,18,8000
1,0.70537342762551,0.0997877455956775,0.5,150,19,8000
1,0.732775249180828,0.0997877455956775,0.5,150,20,8000
1,0.683915531151945,0.0997877455956775,0.5,150,21,8000
1,0.648513276230577,0.0997877455956775,0.5,150,22,8000
1,0.702295736812111,0.0997877455956775,0.5,150,23,8000
1,0.755045968600316,0.0997877455956775,0.5,150,24,8000
1,0.73178336276934,0.0997877455956775,0.5,150,25,8000
1,0.678641268128734,0.0997877455956775,0.5,150,26,8000
1,0.717295182280584,0.0997877455956775,0.5,150,27,8000
1,0.709864735027907,0.0997877455956775,0.5,150,28,8000
1,0.673185758708587,0.0997877455956775,0.5,150,29,8000
1,0.707046725915158,0.0997877455956775,0.5,150,30,8000
1,0.711301302102595,0.0997877455956775,0.5,150,31,8000
1,0.707859458835818,0.0997877455956775,0.5,150,32,8000
1,0.71708299055143,0.0997877455956775,0.5,150,33,8000
1,0.692651170827246,0.0997877455956775,0.5,150,34,8000
1,0.698855128009869,0.0997877455956775,0.5,150,35,8000
1,0.781870180850623,0.0997877455956775,0.5,150,36,8000
1,0.759302896923586,0.0997877455956775,0.5,150,37,8000
1,0.715130829592354,0.0997877455956775,0.5,150,38,8000
1,0.718494875504949,0.0997877455956775,0.5,150,39,8000
1,0.680306735525209,0.0997877455956775,0.5,150,40,8000
1,0.678630744405847,0.0997877455956775,0.5,150,41,8000
1,0.66841217106038,0.0997877455956775,0.5,150,42,8000
1,0.720684162975154,0.0997877455956775,0.5,150,43,8000
1,0.754263624447022,0.0997877455956775,0.5,150,44,8000
1,0.712215357717301,0.0997877455956775,0.5,150,45,8000
1,0.675724923053978,0.0997877455956775,0.5,150,46,8000
1,0.701254186887772,0.0997877455956775,0.5,150,47,8000
1,0.806722519796403,0.0997877455956775,0.5,150,48,8000
1,0.74402691044296,0.0997877455956775,0.5,150,49,8000
1,0.689201687589969,0.0997877455956775,0.5,150,50,8000
1,0.686806696238171,0.0943695829088774,0.5,200,1,8000
1,0.66645641526917,0.0943695829088774,0.5,200,2,8000
1,0.720195056717231,0.0943695829088774,0.5,200,3,8000
1,0.715626825575085,0.0943695829088774,0.5,200,4,8000
1,0.751232849256614,0.0943695829088774,0.5,200,5,8000
1,0.717987471409209,0.0943695829088774,0.5,200,6,8000
1,0.693480464711226,0.0943695829088774,0.5,200,7,8000
1,0.697473038066488,0.0943695829088774,0.5,200,8,8000
1,0.711821847991713,0.0943695829088774,0.5,200,9,8000
1,0.710472096664247,0.0943695829088774,0.5,200,10,8000
1,0.760709695438042,0.0943695829088774,0.5,200,11,8000
1,0.713584676729381,0.0943695829088774,0.5,200,12,8000
1,0.683509700416467,0.0943695829088774,0.5,200,13,8000
1,0.681584081116134,0.0943695829088774,0.5,200,14,8000
1,0.756805996504676,0.0943695829088774,0.5,200,15,8000
1,0.691597127220857,0.0943695829088774,0.5,200,16,8000
1,0.749603001907518,0.0943695829088774,0.5,200,17,8000
1,0.711190544055153,0.0943695829088774,0.5,200,18,8000
1,0.711485592550293,0.0943695829088774,0.5,200,19,8000
1,0.646410341330339,0.0943695829088774,0.5,200,20,8000
1,0.696424146108739,0.0943695829088774,0.5,200,21,8000
1,0.716092102752156,0.0943695829088774,0.5,200,22,8000
1,0.687361448447254,0.0943695829088774,0.5,200,23,8000
1,0.678144234583303,0.0943695829088774,0.5,200,24,8000
1,0.664493018658217,0.0943695829088774,0.5,200,25,8000
1,0.67071463157574,0.0943695829088774,0.5,200,26,8000
1,0.701001398987217,0.0943695829088774,0.5,200,27,8000
1,0.77590954685867,0.0943695829088774,0.5,200,28,8000
1,0.73750145949516,0.0943695829088774,0.5,200,29,8000
1,0.693460403937787,0.0943695829088774,0.5,200,30,8000
1,0.69818936999048,0.0943695829088774,0.5,200,31,8000
1,0.764236050389936,0.0943695829088774,0.5,200,32,8000
1,0.678069470313313,0.0943695829088774,0.5,200,33,8000
1,0.715105936869711,0.0943695829088774,0.5,200,34,8000
1,0.710677664588277,0.0943695829088774,0.5,200,35,8000
1,0.752601122370874,0.0943695829088774,0.5,200,36,8000
1,0.716796282887053,0.0943695829088774,0.5,200,37,8000
1,0.697837570897919,0.0943695829088774,0.5,200,38,8000
1,0.656206244568697,0.0943695829088774,0.5,200,39,8000
1,0.700963454143822,0.0943695829088774,0.5,200,40,8000
1,0.687385327577882,0.0943695829088774,0.5,200,41,8000
1,0.74605936031646,0.0943695829088774,0.5,200,42,8000
1,0.766593298650685,0.0943695829088774,0.5,200,43,8000
1,0.694177200529423,0.0943695829088774,0.5,200,44,8000
1,0.66636191827573,0.0943695829088774,0.5,200,45,8000
1,0.742733616856921,0.0943695829088774,0.5,200,46,8000
1,0.6776217602935,0.0943695829088774,0.5,200,47,8000
1,0.690114539503305,0.0943695829088774,0.5,200,48,8000
1,0.704912216394018,0.0943695829088774,0.5,200,49,8000
1,0.764268589845316,0.0943695829088774,0.5,200,50,8000
1,0.773419972981465,0.0905557437493528,0.5,250,1,8000
1,0.782477219257112,0.0905557437493528,0.5,250,2,8000
1,0.697534034753725,0.0905557437493528,0.5,250,3,8000
1,0.668180276134403,0.0905557437493528,0.5,250,4,8000
1,0.816654848643312,0.0905557437493528,0.5,250,5,8000
1,0.69048606188589,0.0905557437493528,0.5,250,6,8000
1,0.706034956118193,0.0905557437493528,0.5,250,7,8000
1,0.670505667946686,0.0905557437493528,0.5,250,8,8000
1,0.713704813040725,0.0905557437493528,0.5,250,9,8000
1,0.69842835534942,0.0905557437493528,0.5,250,10,8000
1,0.726796031930025,0.0905557437493528,0.5,250,11,8000
1,0.753373466255048,0.0905557437493528,0.5,250,12,8000
1,0.708738318970389,0.0905557437493528,0.5,250,13,8000
1,0.740653691163335,0.0905557437493528,0.5,250,14,8000
1,0.693130593775339,0.0905557437493528,0.5,250,15,8000
1,0.71343286856986,0.0905557437493528,0.5,250,16,8000
1,0.763065341579685,0.0905557437493528,0.5,250,17,8000
1,0.703179666090948,0.0905557437493528,0.5,250,18,8000
1,0.683950867776857,0.0905557437493528,0.5,250,19,8000
1,0.76437595392081,0.0905557437493528,0.5,250,20,8000
1,0.720729918384604,0.0905557437493528,0.5,250,21,8000
1,0.753854190937557,0.0905557437493528,0.5,250,22,8000
1,0.712325860026978,0.0905557437493528,0.5,250,23,8000
1,0.708884647458904,0.0905557437493528,0.5,250,24,8000
1,0.69819030436217,0.0905557437493528,0.5,250,25,8000
1,0.694376322536215,0.0905557437493528,0.5,250,26,8000
1,0.72351772838953,0.0905557437493528,0.5,250,27,8000
1,0.686966413343694,0.0905557437493528,0.5,250,28,8000
1,0.724042677162961,0.0905557437493528,0.5,250,29,8000
1,0.760468289623271,0.0905557437493528,0.5,250,30,8000
1,0.724397966154493,0.0905557437493528,0.5,250,31,8000
1,0.712048569488836,0.0905557437493528,0.5,250,32,8000
1,0.739869134470626,0.0905557437493528,0.5,250,33,8000
1,0.703608601428582,0.0905557437493528,0.5,250,34,8000
1,0.690521785239561,0.0905557437493528,0.5,250,35,8000
1,0.734268261373562,0.0905557437493528,0.5,250,36,8000
1,0.758140913590143,0.0905557437493528,0.5,250,37,8000
1,0.769090171534921,0.0905557437493528,0.5,250,38,8000
1,0.697413448908019,0.0905557437493528,0.5,250,39,8000
1,0.648710528421813,0.0905557437493528,0.5,250,40,8000
1,0.78692911820933,0.0905557437493528,0.5,250,41,8000
1,0.738224549785954,0.0905557437493528,0.5,250,42,8000
1,0.7365849549705,0.0905557437493528,0.5,250,43,8000
1,0.673013381103677,0.0905557437493528,0.5,250,44,8000
1,0.760627073850273,0.0905557437493528,0.5,250,45,8000
1,0.70471584362239,0.0905557437493528,0.5,250,46,8000
1,0.766953859186398,0.0905557437493528,0.5,250,47,8000
1,0.682760920485753,0.0905557437493528,0.5,250,48,8000
1,0.768183054902302,0.0905557437493528,0.5,250,49,8000
1,0.668496989377316,0.0905557437493528,0.5,250,50,8000
1,0.718419210761211,0.087661127019073,0.5,300,1,8000
1,0.757014983045444,0.087661127019073,0.5,300,2,8000
1,0.735390143129733,0.087661127019073,0.5,300,3,8000
1,0.699943566460829,0.087661127019073,0.5,300,4,8000
1,0.688511058300615,0.087661127019073,0.5,300,5,8000
1,0.719779604984077,0.087661127019073,0.5,300,6,8000
1,0.698821391894621,0.087661127019073,0.5,300,7,8000
1,0.710093870886673,0.087661127019073,0.5,300,8,8000
1,0.719695035280216,0.087661127019073,0.5,300,9,8000
1,0.683251200024463,0.087661127019073,0.5,300,10,8000
1,0.740445644895973,0.087661127019073,0.5,300,11,8000
1,0.663211843294319,0.087661127019073,0.5,300,12,8000
1,0.680596344683842,0.087661127019073,0.5,300,13,8000
1,0.723916751898394,0.087661127019073,0.5,300,14,8000
1,0.67566813778286,0.087661127019073,0.5,300,15,8000
1,0.698946151390882,0.087661127019073,0.5,300,16,8000
1,0.653376096032838,0.087661127019073,0.5,300,17,8000
1,0.688268889231445,0.087661127019073,0.5,300,18,8000
1,0.733004076931779,0.087661127019073,0.5,300,19,8000
1,0.736472131544972,0.087661127019073,0.5,300,20,8000
1,0.646422501235821,0.087661127019073,0.5,300,21,8000
1,0.7414399900541,0.087661127019073,0.5,300,22,8000
1,0.670850215879655,0.087661127019073,0.5,300,23,8000
1,0.696135606388368,0.087661127019073,0.5,300,24,8000
1,0.677993536754503,0.087661127019073,0.5,300,25,8000
1,0.73531856180011,0.087661127019073,0.5,300,26,8000
1,0.637861583483362,0.087661127019073,0.5,300,27,8000
1,0.712445141391108,0.087661127019073,0.5,300,28,8000
1,0.657815327140117,0.087661127019073,0.5,300,29,8000
1,0.741218990592969,0.087661127019073,0.5,300,30,8000
1,0.707490735238,0.087661127019073,0.5,300,31,8000
1,0.734630491974959,0.087661127019073,0.5,300,32,8000
1,0.677988136555857,0.087661127019073,0.5,300,33,8000
1,0.728043938016261,0.087661127019073,0.5,300,34,8000
1,0.699923101703936,0.087661127019073,0.5,300,35,8000
1,0.788245778817664,0.087661127019073,0.5,300,36,8000
1,0.742395579107654,0.087661127019073,0.5,300,37,8000
1,0.744972365415189,0.087661127019073,0.5,300,38,8000
1,0.710693958561721,0.087661127019073,0.5,300,39,8000
1,0.701258950834984,0.087661127019073,0.5,300,40,8000
1,0.769199774836684,0.087661127019073,0.5,300,41,8000
1,0.749417794017445,0.087661127019073,0.5,300,42,8000
1,0.689371742321949,0.087661127019073,0.5,300,43,8000
1,0.729151710256409,0.087661127019073,0.5,300,44,8000
1,0.725415384188396,0.087661127019073,0.5,300,45,8000
1,0.664872875512368,0.087661127019073,0.5,300,46,8000
1,0.752281624239997,0.087661127019073,0.5,300,47,8000
1,0.699054276192547,0.087661127019073,0.5,300,48,8000
1,0.703555905323544,0.087661127019073,0.5,300,49,8000
1,0.738367527110547,0.087661127019073,0.5,300,50,8000
1,0.533374273175988,0.325720861427439,0.75,10,1,8000
1,0.601677203109687,0.325720861427439,0.75,10,2,8000
1,0.601775921034265,0.325720861427439,0.75,10,3,8000
1,0.551188918546608,0.325720861427439,0.75,10,4,8000
1,0.533053826072145,0.325720861427439,0.75,10,5,8000
1,0.603238754041572,0.325720861427439,0.75,10,6,8000
1,0.565853947499779,0.325720861427439,0.75,10,7,8000
1,0.564801284440168,0.325720861427439,0.75,10,8,8000
1,0.587975746455966,0.325720861427439,0.75,10,9,8000
1,0.542815721307005,0.325720861427439,0.75,10,10,8000
1,0.591268622723599,0.325720861427439,0.75,10,11,8000
1,0.616772885155243,0.325720861427439,0.75,10,12,8000
1,0.624622211233551,0.325720861427439,0.75,10,13,8000
1,0.564723916641661,0.325720861427439,0.75,10,14,8000
1,0.553915457773644,0.325720861427439,0.75,10,15,8000
1,0.541492100822942,0.325720861427439,0.75,10,16,8000
1,0.563102032187116,0.325720861427439,0.75,10,17,8000
1,0.610653487357958,0.325720861427439,0.75,10,18,8000
1,0.55920118122096,0.325720861427439,0.75,10,19,8000
1,0.566365749265562,0.325720861427439,0.75,10,20,8000
1,0.588105033781374,0.325720861427439,0.75,10,21,8000
1,0.608183184204623,0.325720861427439,0.75,10,22,8000
1,0.57453952731879,0.325720861427439,0.75,10,23,8000
1,0.548923543380423,0.325720861427439,0.75,10,24,8000
1,0.583684862254999,0.325720861427439,0.75,10,25,8000
1,0.560031907536957,0.325720861427439,0.75,10,26,8000
1,0.560566680091069,0.325720861427439,0.75,10,27,8000
1,0.550220625506814,0.325720861427439,0.75,10,28,8000
1,0.59141789975852,0.325720861427439,0.75,10,29,8000
1,0.562653144369249,0.325720861427439,0.75,10,30,8000
1,0.583021235250371,0.325720861427439,0.75,10,31,8000
1,0.562577694411903,0.325720861427439,0.75,10,32,8000
1,0.55037263805861,0.325720861427439,0.75,10,33,8000
1,0.571852139424072,0.325720861427439,0.75,10,34,8000
1,0.579978787694035,0.325720861427439,0.75,10,35,8000
1,0.55633775751946,0.325720861427439,0.75,10,36,8000
1,0.521868025478093,0.325720861427439,0.75,10,37,8000
1,0.550209692195743,0.325720861427439,0.75,10,38,8000
1,0.600084453187435,0.325720861427439,0.75,10,39,8000
1,0.560107611807071,0.325720861427439,0.75,10,40,8000
1,0.591613340270479,0.325720861427439,0.75,10,41,8000
1,0.604008243397566,0.325720861427439,0.75,10,42,8000
1,0.56741079561474,0.325720861427439,0.75,10,43,8000
1,0.525744912142379,0.325720861427439,0.75,10,44,8000
1,0.564717278877052,0.325720861427439,0.75,10,45,8000
1,0.582647455241394,0.325720861427439,0.75,10,46,8000
1,0.59721027903562,0.325720861427439,0.75,10,47,8000
1,0.543350198395164,0.325720861427439,0.75,10,48,8000
1,0.579920557012908,0.325720861427439,0.75,10,49,8000
1,0.564576870944473,0.325720861427439,0.75,10,50,8000
1,0.659317989891209,0.191716663976499,0.75,50,1,8000
1,0.676956063918027,0.191716663976499,0.75,50,2,8000
1,0.709402054060939,0.191716663976499,0.75,50,3,8000
1,0.663810185166545,0.191716663976499,0.75,50,4,8000
1,0.684404944902952,0.191716663976499,0.75,50,5,8000
1,0.717083775567717,0.191716663976499,0.75,50,6,8000
1,0.71347049224898,0.191716663976499,0.75,50,7,8000
1,0.694742114683599,0.191716663976499,0.75,50,8,8000
1,0.75870492103155,0.191716663976499,0.75,50,9,8000
1,0.668465752844344,0.191716663976499,0.75,50,10,8000
1,0.757000888787094,0.191716663976499,0.75,50,11,8000
1,0.651879358442387,0.191716663976499,0.75,50,12,8000
1,0.737431279673186,0.191716663976499,0.75,50,13,8000
1,0.65105230701377,0.191716663976499,0.75,50,14,8000
1,0.683540154798211,0.191716663976499,0.75,50,15,8000
1,0.652298009788896,0.191716663976499,0.75,50,16,8000
1,0.671987652392775,0.191716663976499,0.75,50,17,8000
1,0.686999939871971,0.191716663976499,0.75,50,18,8000
1,0.700689750374098,0.191716663976499,0.75,50,19,8000
1,0.67437169825292,0.191716663976499,0.75,50,20,8000
1,0.600156031258072,0.191716663976499,0.75,50,21,8000
1,0.681295926441586,0.191716663976499,0.75,50,22,8000
1,0.68144051505058,0.191716663976499,0.75,50,23,8000
1,0.666234013840409,0.191716663976499,0.75,50,24,8000
1,0.676051743775636,0.191716663976499,0.75,50,25,8000
1,0.651883885260384,0.191716663976499,0.75,50,26,8000
1,0.712967072890381,0.191716663976499,0.75,50,27,8000
1,0.693176927419525,0.191716663976499,0.75,50,28,8000
1,0.664732249486732,0.191716663976499,0.75,50,29,8000
1,0.723000962077609,0.191716663976499,0.75,50,30,8000
1,0.666314740228005,0.191716663976499,0.75,50,31,8000
1,0.654806523421199,0.191716663976499,0.75,50,32,8000
1,0.722642364482744,0.191716663976499,0.75,50,33,8000
1,0.696752708155665,0.191716663976499,0.75,50,34,8000
1,0.66220270537069,0.191716663976499,0.75,50,35,8000
1,0.68849170641886,0.191716663976499,0.75,50,36,8000
1,0.726964127782415,0.191716663976499,0.75,50,37,8000
1,0.739123141002672,0.191716663976499,0.75,50,38,8000
1,0.648791834119163,0.191716663976499,0.75,50,39,8000
1,0.669598544043876,0.191716663976499,0.75,50,40,8000
1,0.681732878940778,0.191716663976499,0.75,50,41,8000
1,0.666930256909764,0.191716663976499,0.75,50,42,8000
1,0.667962364084734,0.191716663976499,0.75,50,43,8000
1,0.651121393209933,0.191716663976499,0.75,50,44,8000
1,0.631868414704212,0.191716663976499,0.75,50,45,8000
1,0.719198627317026,0.191716663976499,0.75,50,46,8000
1,0.62763835566098,0.191716663976499,0.75,50,47,8000
1,0.689886356853071,0.191716663976499,0.75,50,48,8000
1,0.700255131366989,0.191716663976499,0.75,50,49,8000
1,0.712060648969359,0.191716663976499,0.75,50,50,8000
1,0.621832762594951,0.162860430713719,0.75,100,1,8000
1,0.720079071702512,0.162860430713719,0.75,100,2,8000
1,0.724855955310652,0.162860430713719,0.75,100,3,8000
1,0.707566910266376,0.162860430713719,0.75,100,4,8000
1,0.675015308094132,0.162860430713719,0.75,100,5,8000
1,0.697449042025033,0.162860430713719,0.75,100,6,8000
1,0.633341684709754,0.162860430713719,0.75,100,7,8000
1,0.707516687838922,0.162860430713719,0.75,100,8,8000
1,0.771131776798248,0.162860430713719,0.75,100,9,8000
1,0.707259235517418,0.162860430713719,0.75,100,10,8000
1,0.658684614599565,0.162860430713719,0.75,100,11,8000
1,0.661015655013643,0.162860430713719,0.75,100,12,8000
1,0.720094994961197,0.162860430713719,0.75,100,13,8000
1,0.676974774732995,0.162860430713719,0.75,100,14,8000
1,0.646338466576928,0.162860430713719,0.75,100,15,8000
1,0.67961769382605,0.162860430713719,0.75,100,16,8000
1,0.688463363762141,0.162860430713719,0.75,100,17,8000
1,0.647478103589153,0.162860430713719,0.75,100,18,8000
1,0.702191854906714,0.162860430713719,0.75,100,19,8000
1,0.645935679347725,0.162860430713719,0.75,100,20,8000
1,0.722009329552948,0.162860430713719,0.75,100,21,8000
1,0.676478812962475,0.162860430713719,0.75,100,22,8000
1,0.676195038975976,0.162860430713719,0.75,100,23,8000
1,0.677213032555182,0.162860430713719,0.75,100,24,8000
1,0.676840058071169,0.162860430713719,0.75,100,25,8000
1,0.698256628048179,0.162860430713719,0.75,100,26,8000
1,0.672018789672376,0.162860430713719,0.75,100,27,8000
1,0.651878357657084,0.162860430713719,0.75,100,28,8000
1,0.675115874499052,0.162860430713719,0.75,100,29,8000
1,0.663695776387237,0.162860430713719,0.75,100,30,8000
1,0.717078528850469,0.162860430713719,0.75,100,31,8000
1,0.680038431425084,0.162860430713719,0.75,100,32,8000
1,0.641741156323899,0.162860430713719,0.75,100,33,8000
1,0.617649744615948,0.162860430713719,0.75,100,34,8000
1,0.660805365016589,0.162860430713719,0.75,100,35,8000
1,0.674818226937386,0.162860430713719,0.75,100,36,8000
1,0.685433805652595,0.162860430713719,0.75,100,37,8000
1,0.744584895738778,0.162860430713719,0.75,100,38,8000
1,0.665781969901782,0.162860430713719,0.75,100,39,8000
1,0.711788841963667,0.162860430713719,0.75,100,40,8000
1,0.660269317243828,0.162860430713719,0.75,100,41,8000
1,0.661789544904444,0.162860430713719,0.75,100,42,8000
1,0.682766729002333,0.162860430713719,0.75,100,43,8000
1,0.682223424088587,0.162860430713719,0.75,100,44,8000
1,0.659143710454687,0.162860430713719,0.75,100,45,8000
1,0.662443586726983,0.162860430713719,0.75,100,46,8000
1,0.678591075576512,0.162860430713719,0.75,100,47,8000
1,0.698320691747303,0.162860430713719,0.75,100,48,8000
1,0.657346716061963,0.162860430713719,0.75,100,49,8000
1,0.672483904962664,0.162860430713719,0.75,100,50,8000
1,0.68413843792215,0.149681618393516,0.75,150,1,8000
1,0.62198619440034,0.149681618393516,0.75,150,2,8000
1,0.697182636184281,0.149681618393516,0.75,150,3,8000
1,0.679505431288856,0.149681618393516,0.75,150,4,8000
1,0.680690713316169,0.149681618393516,0.75,150,5,8000
1,0.628613835956668,0.149681618393516,0.75,150,6,8000
1,0.686220769831065,0.149681618393516,0.75,150,7,8000
1,0.684534252045927,0.149681618393516,0.75,150,8,8000
1,0.652966297539258,0.149681618393516,0.75,150,9,8000
1,0.684752648237343,0.149681618393516,0.75,150,10,8000
1,0.710489015733407,0.149681618393516,0.75,150,11,8000
1,0.681426859162212,0.149681618393516,0.75,150,12,8000
1,0.683102029901428,0.149681618393516,0.75,150,13,8000
1,0.663351337971413,0.149681618393516,0.75,150,14,8000
1,0.734656444250274,0.149681618393516,0.75,150,15,8000
1,0.667225584599345,0.149681618393516,0.75,150,16,8000
1,0.702931846478354,0.149681618393516,0.75,150,17,8000
1,0.716004554704237,0.149681618393516,0.75,150,18,8000
1,0.654282551804331,0.149681618393516,0.75,150,19,8000
1,0.656280604823999,0.149681618393516,0.75,150,20,8000
1,0.655991966305154,0.149681618393516,0.75,150,21,8000
1,0.692910784836823,0.149681618393516,0.75,150,22,8000
1,0.62842073761399,0.149681618393516,0.75,150,23,8000
1,0.671676118257681,0.149681618393516,0.75,150,24,8000
1,0.70830918687021,0.149681618393516,0.75,150,25,8000
1,0.699999073473715,0.149681618393516,0.75,150,26,8000
1,0.658780919203882,0.149681618393516,0.75,150,27,8000
1,0.690756061027828,0.149681618393516,0.75,150,28,8000
1,0.628198316498365,0.149681618393516,0.75,150,29,8000
1,0.665816033500143,0.149681618393516,0.75,150,30,8000
1,0.667907068764672,0.149681618393516,0.75,150,31,8000
1,0.692088600906514,0.149681618393516,0.75,150,32,8000
1,0.691850859074086,0.149681618393516,0.75,150,33,8000
1,0.721849869030039,0.149681618393516,0.75,150,34,8000
1,0.658086253052451,0.149681618393516,0.75,150,35,8000
1,0.619887326471067,0.149681618393516,0.75,150,36,8000
1,0.678388111273706,0.149681618393516,0.75,150,37,8000
1,0.70229021385062,0.149681618393516,0.75,150,38,8000
1,0.743857555016158,0.149681618393516,0.75,150,39,8000
1,0.620350294488073,0.149681618393516,0.75,150,40,8000
1,0.665868919966538,0.149681618393516,0.75,150,41,8000
1,0.70222982083569,0.149681618393516,0.75,150,42,8000
1,0.70654643657757,0.149681618393516,0.75,150,43,8000
1,0.68319870969353,0.149681618393516,0.75,150,44,8000
1,0.63845740848786,0.149681618393516,0.75,150,45,8000
1,0.767345981827544,0.149681618393516,0.75,150,46,8000
1,0.666469938143551,0.149681618393516,0.75,150,47,8000
1,0.702519689686754,0.149681618393516,0.75,150,48,8000
1,0.724727106575102,0.149681618393516,0.75,150,49,8000
1,0.60596823221136,0.149681618393516,0.75,150,50,8000
1,0.741635072820721,0.141554374363316,0.75,200,1,8000
1,0.694840499475095,0.141554374363316,0.75,200,2,8000
1,0.716114453760635,0.141554374363316,0.75,200,3,8000
1,0.717710965941837,0.141554374363316,0.75,200,4,8000
1,0.7164338036125,0.141554374363316,0.75,200,5,8000
1,0.764969582094727,0.141554374363316,0.75,200,6,8000
1,0.703528803579006,0.141554374363316,0.75,200,7,8000
1,0.70714665103676,0.141554374363316,0.75,200,8,8000
1,0.68916608936328,0.141554374363316,0.75,200,9,8000
1,0.65742951363602,0.141554374363316,0.75,200,10,8000
1,0.746648651709265,0.141554374363316,0.75,200,11,8000
1,0.741753226029197,0.141554374363316,0.75,200,12,8000
1,0.711422326123981,0.141554374363316,0.75,200,13,8000
1,0.692431308314605,0.141554374363316,0.75,200,14,8000
1,0.811437606363277,0.141554374363316,0.75,200,15,8000
1,0.722256550965052,0.141554374363316,0.75,200,16,8000
1,0.70803115497766,0.141554374363316,0.75,200,17,8000
1,0.676917678823644,0.141554374363316,0.75,200,18,8000
1,0.704047427986534,0.141554374363316,0.75,200,19,8000
1,0.739448769739623,0.141554374363316,0.75,200,20,8000
1,0.765059078083741,0.141554374363316,0.75,200,21,8000
1,0.70924431624181,0.141554374363316,0.75,200,22,8000
1,0.679549708920778,0.141554374363316,0.75,200,23,8000
1,0.720271751086338,0.141554374363316,0.75,200,24,8000
1,0.750582685844408,0.141554374363316,0.75,200,25,8000
1,0.692366155717199,0.141554374363316,0.75,200,26,8000
1,0.696781891602806,0.141554374363316,0.75,200,27,8000
1,0.68365088014639,0.141554374363316,0.75,200,28,8000
1,0.741266696643598,0.141554374363316,0.75,200,29,8000
1,0.764431790844054,0.141554374363316,0.75,200,30,8000
1,0.689635159334223,0.141554374363316,0.75,200,31,8000
1,0.745362658475036,0.141554374363316,0.75,200,32,8000
1,0.700183232672862,0.141554374363316,0.75,200,33,8000
1,0.734151832761976,0.141554374363316,0.75,200,34,8000
1,0.743531740261273,0.141554374363316,0.75,200,35,8000
1,0.711573043643475,0.141554374363316,0.75,200,36,8000
1,0.79454011498974,0.141554374363316,0.75,200,37,8000
1,0.698077595808115,0.141554374363316,0.75,200,38,8000
1,0.659200044306147,0.141554374363316,0.75,200,39,8000
1,0.655420575158537,0.141554374363316,0.75,200,40,8000
1,0.745947839925183,0.141554374363316,0.75,200,41,8000
1,0.684474855389471,0.141554374363316,0.75,200,42,8000
1,0.725188602755297,0.141554374363316,0.75,200,43,8000
1,0.768033590084331,0.141554374363316,0.75,200,44,8000
1,0.683767022032771,0.141554374363316,0.75,200,45,8000
1,0.67977434866372,0.141554374363316,0.75,200,46,8000
1,0.696442395802948,0.141554374363316,0.75,200,47,8000
1,0.713117107334129,0.141554374363316,0.75,200,48,8000
1,0.714035339217628,0.141554374363316,0.75,200,49,8000
1,0.721968831840604,0.141554374363316,0.75,200,50,8000
1,0.784457565487994,0.135833615624029,0.75,250,1,8000
1,0.720163341711577,0.135833615624029,0.75,250,2,8000
1,0.719363228346183,0.135833615624029,0.75,250,3,8000
1,0.768145151963484,0.135833615624029,0.75,250,4,8000
1,0.7005246257954,0.135833615624029,0.75,250,5,8000
1,0.775753630439929,0.135833615624029,0.75,250,6,8000
1,0.713645269542811,0.135833615624029,0.75,250,7,8000
1,0.689641877875987,0.135833615624029,0.75,250,8,8000
1,0.756267174711652,0.135833615624029,0.75,250,9,8000
1,0.698016393105302,0.135833615624029,0.75,250,10,8000
1,0.716626416704132,0.135833615624029,0.75,250,11,8000
1,0.642104638520667,0.135833615624029,0.75,250,12,8000
1,0.768328636301568,0.135833615624029,0.75,250,13,8000
1,0.683235734990615,0.135833615624029,0.75,250,14,8000
1,0.729702601472384,0.135833615624029,0.75,250,15,8000
1,0.785993376112581,0.135833615624029,0.75,250,16,8000
1,0.73047275522775,0.135833615624029,0.75,250,17,8000
1,0.714171444912787,0.135833615624029,0.75,250,18,8000
1,0.750161537546835,0.135833615624029,0.75,250,19,8000
1,0.76530812090776,0.135833615624029,0.75,250,20,8000
1,0.748427112245675,0.135833615624029,0.75,250,21,8000
1,0.755997872690893,0.135833615624029,0.75,250,22,8000
1,0.794877576895877,0.135833615624029,0.75,250,23,8000
1,0.715370842158863,0.135833615624029,0.75,250,24,8000
1,0.729565711338764,0.135833615624029,0.75,250,25,8000
1,0.727423900563803,0.135833615624029,0.75,250,26,8000
1,0.736975141791643,0.135833615624029,0.75,250,27,8000
1,0.724903066748163,0.135833615624029,0.75,250,28,8000
1,0.768482522542105,0.135833615624029,0.75,250,29,8000
1,0.747393175281399,0.135833615624029,0.75,250,30,8000
1,0.801469633520956,0.135833615624029,0.75,250,31,8000
1,0.78422589891506,0.135833615624029,0.75,250,32,8000
1,0.679599665804963,0.135833615624029,0.75,250,33,8000
1,0.731410877126411,0.135833615624029,0.75,250,34,8000
1,0.807386081319102,0.135833615624029,0.75,250,35,8000
1,0.757877694108433,0.135833615624029,0.75,250,36,8000
1,0.698609676394159,0.135833615624029,0.75,250,37,8000
1,0.777430032084514,0.135833615624029,0.75,250,38,8000
1,0.750572601030515,0.135833615624029,0.75,250,39,8000
1,0.7310957454305,0.135833615624029,0.75,250,40,8000
1,0.75337781495458,0.135833615624029,0.75,250,41,8000
1,0.779971840698612,0.135833615624029,0.75,250,42,8000
1,0.723309872851104,0.135833615624029,0.75,250,43,8000
1,0.773738008681447,0.135833615624029,0.75,250,44,8000
1,0.731058730910356,0.135833615624029,0.75,250,45,8000
1,0.791204381641809,0.135833615624029,0.75,250,46,8000
1,0.698371076862452,0.135833615624029,0.75,250,47,8000
1,0.714453891653231,0.135833615624029,0.75,250,48,8000
1,0.724424423592951,0.135833615624029,0.75,250,49,8000
1,0.770306486990776,0.135833615624029,0.75,250,50,8000
6,0.615658820299969,0.188739165817755,1,200,1,8000
6,0.589342077029591,0.188739165817755,1,200,2,8000
6,0.637934750819865,0.188739165817755,1,200,3,8000
6,0.621161799615587,0.188739165817755,1,200,4,8000
6,0.666202022710277,0.188739165817755,1,200,5,8000
6,0.704059572508462,0.188739165817755,1,200,6,8000
6,0.629980904615717,0.188739165817755,1,200,7,8000
6,0.62759941230621,0.188739165817755,1,200,8,8000
6,0.680814893124814,0.188739165817755,1,200,9,8000
6,0.686942452306997,0.188739165817755,1,200,10,8000
6,0.696429970189313,0.188739165817755,1,200,11,8000
6,0.649018560882971,0.188739165817755,1,200,12,8000
6,0.681641721799288,0.188739165817755,1,200,13,8000
6,0.667278592850645,0.188739165817755,1,200,14,8000
6,0.704803720339588,0.188739165817755,1,200,15,8000
6,0.717528982411538,0.188739165817755,1,200,16,8000
6,0.670047228539381,0.188739165817755,1,200,17,8000
6,0.684145148478447,0.188739165817755,1,200,18,8000
6,0.711991309554025,0.188739165817755,1,200,19,8000
6,0.615478117286177,0.188739165817755,1,200,20,8000
6,0.660798982657603,0.188739165817755,1,200,21,8000
6,0.691172807977003,0.188739165817755,1,200,22,8000
6,0.669213253614855,0.188739165817755,1,200,23,8000
6,0.705242584287467,0.188739165817755,1,200,24,8000
6,0.627357994872006,0.188739165817755,1,200,25,8000
6,0.688491125905579,0.188739165817755,1,200,26,8000
6,0.657765395105012,0.188739165817755,1,200,27,8000
6,0.656327120358645,0.188739165817755,1,200,28,8000
6,0.667804865615097,0.188739165817755,1,200,29,8000
6,0.623023094045783,0.188739165817755,1,200,30,8000
6,0.662735693643951,0.188739165817755,1,200,31,8000
6,0.691784440510011,0.188739165817755,1,200,32,8000
6,0.731556995646475,0.188739165817755,1,200,33,8000
6,0.63461905730476,0.188739165817755,1,200,34,8000
6,0.644006829201881,0.188739165817755,1,200,35,8000
6,0.672627262683146,0.188739165817755,1,200,36,8000
6,0.665050916687611,0.188739165817755,1,200,37,8000
6,0.673050401200861,0.188739165817755,1,200,38,8000
6,0.695631393904262,0.188739165817755,1,200,39,8000
6,0.639179293403206,0.188739165817755,1,200,40,8000
6,0.60865458498821,0.188739165817755,1,200,41,8000
6,0.670066568415812,0.188739165817755,1,200,42,8000
6,0.631368323016133,0.188739165817755,1,200,43,8000
6,0.675933402969362,0.188739165817755,1,200,44,8000
6,0.630020172422741,0.188739165817755,1,200,45,8000
6,0.664580682807106,0.188739165817755,1,200,46,8000
6,0.631349489816213,0.188739165817755,1,200,47,8000
6,0.719821476930515,0.188739165817755,1,200,48,8000
6,0.680806947307967,0.188739165817755,1,200,49,8000
6,0.66766393431568,0.188739165817755,1,200,50,8000
