dsid,regime,n,trial,wbic,fe,chains,draws,tune,mean_divergences,total_divergences,max_divergences,divergences_per_chain,chain_tree_depth,n_components
regular,50,50,0,166.973537689389,169.48080790804173,1,1000,2500,0.0,0,0,[0],5,2
e-singular,50,50,0,160.85950421116772,162.2145511248417,1,1000,2500,0.0,0,0,[0],7,2
singular1,50,50,0,143.92615001423195,145.52063476484375,1,1000,2500,0.0,0,0,[0],8,2
singular2,50,50,0,153.82849266196456,155.2229494853381,1,1000,2500,0.0,0,0,[0],8,2
regular,250,250,0,842.3892164882936,844.9132884374078,1,1000,2500,0.0,0,0,[0],5,2
e-singular,250,250,0,824.3284848398267,825.1767432376465,1,1000,2500,0.0,0,0,[0],6,2
singular1,250,250,0,694.3114542254433,696.2038536322572,1,1000,2500,0.0,0,0,[0],9,2
singular2,250,250,0,755.5156226129592,757.5390165075349,1,1000,2500,0.0,0,0,[0],8,2
regular,5000,5000,0,16471.336897896337,16472.608982080612,1,1000,2500,0.0,0,0,[0],5,2
e-singular,5000,5000,0,16123.38487194247,16122.833402027556,1,1000,2500,0.0,0,0,[0],5,2
singular1,5000,5000,0,13384.040852094158,13384.58502361115,1,1000,2500,0.0,0,0,[0],10,2
singular2,5000,5000,0,14848.079495198876,14850.564200640052,1,1000,2500,0.0,0,0,[0],10,2
regular,50,50,1,162.40852888005597,165.60029815248626,1,1000,2500,0.0,0,0,[0],5,2
e-singular,50,50,1,162.1896410096871,163.80035845914114,1,1000,2500,0.0,0,0,[0],7,2
singular1,50,50,1,140.76827492322585,142.6793820963221,1,1000,2500,0.0,0,0,[0],8,2
singular2,50,50,1,151.64868846892088,153.8065813793647,1,1000,2500,0.0,0,0,[0],8,2
regular,250,250,1,835.3433437553914,837.9522995007641,1,1000,2500,0.0,0,0,[0],5,2
e-singular,250,250,1,800.8973728666591,801.0473862059679,1,1000,2500,0.0,0,0,[0],6,2
singular1,250,250,1,656.1969104840243,656.9226659036667,1,1000,2500,0.0,0,0,[0],9,2
singular2,250,250,1,739.9762687915845,741.8621696741341,1,1000,2500,0.0,0,0,[0],9,2
regular,5000,5000,1,16539.980071453254,16540.644179516938,1,1000,2500,0.0,0,0,[0],5,2
e-singular,5000,5000,1,16048.105031780431,16048.108010584943,1,1000,2500,0.0,0,0,[0],6,2
singular1,5000,5000,1,13451.748924571526,13451.520435708502,1,1000,2500,0.0,0,0,[0],10,2
singular2,5000,5000,1,14908.52382993214,14909.163342404105,1,1000,2500,0.0,0,0,[0],8,2
regular,50,50,2,170.65739021027355,172.95604998729902,1,1000,2500,0.0,0,0,[0],5,2
e-singular,50,50,2,165.7825632743639,167.82773313126478,1,1000,2500,0.0,0,0,[0],7,2
singular1,50,50,2,134.34624416138138,136.1582003515018,1,1000,2500,0.0,0,0,[0],8,2
singular2,50,50,2,151.19174923957334,152.95953660346288,1,1000,2500,0.0,0,0,[0],8,2
regular,250,250,2,848.4671040497177,851.2109593668382,1,1000,2500,0.0,0,0,[0],5,2
e-singular,250,250,2,809.1098256853289,809.3671654402478,1,1000,2500,0.0,0,0,[0],7,2
singular1,250,250,2,665.8391872936064,667.882250755015,1,1000,2500,0.0,0,0,[0],9,2
singular2,250,250,2,757.3375924476952,759.1621173266648,1,1000,2500,0.0,0,0,[0],9,2
regular,5000,5000,2,16496.25924156467,16496.76700708165,1,1000,2500,0.0,0,0,[0],5,2
e-singular,5000,5000,2,16081.73666354656,16081.228838528885,1,1000,2500,0.0,0,0,[0],6,2
singular1,5000,5000,2,13439.013311333369,13440.669017278144,1,1000,2500,0.0,0,0,[0],10,2
singular2,5000,5000,2,14949.499901944924,14950.986650095903,1,1000,2500,0.0,0,0,[0],9,2
regular,50,50,3,170.50604821997848,173.0908987991797,1,1000,2500,0.0,0,0,[0],5,2
e-singular,50,50,3,169.06969275753573,171.05946360706736,1,1000,2500,0.0,0,0,[0],6,2
singular1,50,50,3,143.74334475516736,145.98594833929755,1,1000,2500,0.0,0,0,[0],9,2
singular2,50,50,3,151.83073343584357,153.30090849401677,1,1000,2500,0.0,0,0,[0],8,2
regular,250,250,3,834.0606250983695,836.7760175172893,1,1000,2500,0.0,0,0,[0],5,2
e-singular,250,250,3,801.6545713403812,802.8005365106654,1,1000,2500,0.0,0,0,[0],6,2
singular1,250,250,3,681.7292812550653,683.9652450485091,1,1000,2500,0.0,0,0,[0],8,2
singular2,250,250,3,747.8545016498666,749.9810586318883,1,1000,2500,0.0,0,0,[0],8,2
regular,5000,5000,3,16558.28517616899,16558.873664006158,1,1000,2500,0.0,0,0,[0],5,2
e-singular,5000,5000,3,16009.340327589476,16008.408469270924,1,1000,2500,0.0,0,0,[0],5,2
singular1,5000,5000,3,13513.959065017014,13515.3244281784,1,1000,2500,0.0,0,0,[0],10,2
singular2,5000,5000,3,14909.80449982836,14910.521570493236,1,1000,2500,0.0,0,0,[0],10,2
regular,50,50,4,158.10607845927373,161.0601636720076,1,1000,2500,0.0,0,0,[0],5,2
e-singular,50,50,4,166.62811004122827,168.20655010858584,1,1000,2500,0.0,0,0,[0],7,2
singular1,50,50,4,140.21156921917844,142.3315335125946,1,1000,2500,0.0,0,0,[0],8,2
singular2,50,50,4,149.89710853089036,151.72341991517737,1,1000,2500,0.0,0,0,[0],8,2
regular,250,250,4,855.1517744294019,857.5329748830652,1,1000,2500,0.0,0,0,[0],5,2
e-singular,250,250,4,798.8875253645778,799.8906958806269,1,1000,2500,0.0,0,0,[0],6,2
singular1,250,250,4,687.1332181646902,689.6533189354074,1,1000,2500,0.0,0,0,[0],9,2
singular2,250,250,4,751.0490121350913,753.7262114465437,1,1000,2500,0.0,0,0,[0],9,2
regular,5000,5000,4,16531.749268372863,16532.502253784078,1,1000,2500,0.0,0,0,[0],6,2
e-singular,5000,5000,4,16160.518753818324,16160.423154510156,1,1000,2500,0.0,0,0,[0],5,2
singular1,5000,5000,4,13473.384836049674,13474.59759207688,1,1000,2500,0.0,0,0,[0],10,2
singular2,5000,5000,4,14872.487878086002,14873.931532333469,1,1000,2500,0.0,0,0,[0],8,2
regular,50,50,5,165.51803743902204,168.03317292531827,1,1000,2500,0.0,0,0,[0],5,2
e-singular,50,50,5,168.7335526555736,169.7844955505565,1,1000,2500,0.0,0,0,[0],7,2
singular1,50,50,5,141.5382641290287,143.95989430524912,1,1000,2500,0.0,0,0,[0],8,2
singular2,50,50,5,145.78939903515908,147.43107250879044,1,1000,2500,0.0,0,0,[0],10,2
regular,250,250,5,845.9471096475435,848.7401674343537,1,1000,2500,0.0,0,0,[0],5,2
e-singular,250,250,5,816.5497053530585,817.6532206614467,1,1000,2500,0.0,0,0,[0],6,2
singular1,250,250,5,683.1067863485479,685.5189046437832,1,1000,2500,0.0,0,0,[0],8,2
singular2,250,250,5,735.7091072197184,737.1034830419916,1,1000,2500,0.0,0,0,[0],9,2
regular,5000,5000,5,16472.117314050294,16473.04359740923,1,1000,2500,0.0,0,0,[0],5,2
e-singular,5000,5000,5,16031.749564238286,16029.871281315494,1,1000,2500,0.0,0,0,[0],6,2
singular1,5000,5000,5,13454.595744435075,13457.072215429258,1,1000,2500,0.0,0,0,[0],9,2
singular2,5000,5000,5,14850.360626622589,14851.57244274599,1,1000,2500,0.0,0,0,[0],10,2
regular,50,50,6,175.84150442342087,178.9210264761288,1,1000,2500,0.0,0,0,[0],5,2
e-singular,50,50,6,149.72945220060174,152.1881950524489,1,1000,2500,0.0,0,0,[0],8,2
singular1,50,50,6,136.12901534645883,138.51500773839123,1,1000,2500,0.0,0,0,[0],8,2
singular2,50,50,6,155.57146336498298,157.51111479550485,1,1000,2500,0.0,0,0,[0],8,2
regular,250,250,6,799.6898124475285,802.0601154466312,1,1000,2500,0.0,0,0,[0],5,2
e-singular,250,250,6,809.1588812335932,810.2242024098332,1,1000,2500,0.0,0,0,[0],6,2
singular1,250,250,6,655.39229991612,657.2730296705428,1,1000,2500,0.0,0,0,[0],9,2
singular2,250,250,6,741.6250786580359,742.9165510278448,1,1000,2500,0.0,0,0,[0],10,2
regular,5000,5000,6,16611.715907598227,16613.216783982854,1,1000,2500,0.0,0,0,[0],5,2
e-singular,5000,5000,6,16123.142190040646,16121.986296324763,1,1000,2500,0.0,0,0,[0],6,2
singular1,5000,5000,6,13495.503125923666,13497.27841011182,1,1000,2500,0.0,0,0,[0],10,2
singular2,5000,5000,6,14941.338802221357,14941.911460596166,1,1000,2500,0.0,0,0,[0],10,2
regular,50,50,7,172.458228298413,175.039030870311,1,1000,2500,0.0,0,0,[0],5,2
e-singular,50,50,7,162.81128271715298,163.99514872009584,1,1000,2500,0.0,0,0,[0],8,2
singular1,50,50,7,136.37173129780874,138.1277791788294,1,1000,2500,0.0,0,0,[0],8,2
singular2,50,50,7,143.53956439737084,145.33312778406076,1,1000,2500,0.0,0,0,[0],8,2
regular,250,250,7,813.397702315066,815.8250832586244,1,1000,2500,0.0,0,0,[0],5,2
e-singular,250,250,7,818.8408385948925,820.3623925203091,1,1000,2500,0.0,0,0,[0],7,2
singular1,250,250,7,670.3889863819935,672.2726078553197,1,1000,2500,0.0,0,0,[0],9,2
singular2,250,250,7,745.1510659092502,746.601713109571,1,1000,2500,0.0,0,0,[0],10,2
regular,5000,5000,7,16536.86642960409,16537.569814979895,1,1000,2500,0.0,0,0,[0],5,2
e-singular,5000,5000,7,16119.845911439772,16119.691608367317,1,1000,2500,0.0,0,0,[0],6,2
singular1,5000,5000,7,13433.574530057314,13434.279271487128,1,1000,2500,0.0,0,0,[0],10,2
singular2,5000,5000,7,14974.415441817124,14976.78603731316,1,1000,2500,0.0,0,0,[0],8,2
regular,50,50,8,176.2456791047725,179.29592959433123,1,1000,2500,0.0,0,0,[0],5,2
e-singular,50,50,8,167.11623258637294,168.45799111513918,1,1000,2500,0.0,0,0,[0],7,2
singular1,50,50,8,141.55788760661036,144.02172081049383,1,1000,2500,0.0,0,0,[0],8,2
singular2,50,50,8,149.92352937737078,151.7509703509344,1,1000,2500,0.0,0,0,[0],8,2
regular,250,250,8,815.1372036925836,817.9005507802804,1,1000,2500,0.0,0,0,[0],5,2
e-singular,250,250,8,799.3365377469962,800.5053469559143,1,1000,2500,0.0,0,0,[0],5,2
singular1,250,250,8,668.1988584987527,670.5176296702925,1,1000,2500,0.0,0,0,[0],8,2
singular2,250,250,8,735.9932172529316,737.9301988066688,1,1000,2500,0.0,0,0,[0],10,2
regular,5000,5000,8,16492.6409677872,16492.86249442834,1,1000,2500,0.0,0,0,[0],5,2
e-singular,5000,5000,8,16051.85764945833,16052.707663014731,1,1000,2500,0.0,0,0,[0],6,2
singular1,5000,5000,8,13396.268704919665,13396.574189565485,1,1000,2500,0.0,0,0,[0],10,2
singular2,5000,5000,8,14931.140314441238,14932.944924140813,1,1000,2500,0.0,0,0,[0],9,2
regular,50,50,9,172.7343418024289,175.99614748198107,1,1000,2500,0.0,0,0,[0],5,2
e-singular,50,50,9,158.65431070110796,160.32081916677743,1,1000,2500,0.0,0,0,[0],8,2
singular1,50,50,9,131.64818425366846,133.91464292580687,1,1000,2500,0.0,0,0,[0],8,2
singular2,50,50,9,152.6253121850117,154.67252960034006,1,1000,2500,0.0,0,0,[0],8,2
regular,250,250,9,836.0300115571324,838.4157806418937,1,1000,2500,0.0,0,0,[0],5,2
e-singular,250,250,9,798.8521741384427,799.6806662220683,1,1000,2500,0.0,0,0,[0],7,2
singular1,250,250,9,662.9403772396661,665.1523013145523,1,1000,2500,0.0,0,0,[0],8,2
singular2,250,250,9,752.7784617635219,754.8279641438985,1,1000,2500,0.0,0,0,[0],7,2
regular,5000,5000,9,16546.770158203923,16546.993702247575,1,1000,2500,0.0,0,0,[0],5,2
e-singular,5000,5000,9,16112.06502482953,16111.801449898408,1,1000,2500,0.0,0,0,[0],5,2
singular1,5000,5000,9,13474.85982157467,13475.374760122397,1,1000,2500,0.0,0,0,[0],10,2
singular2,5000,5000,9,14880.64442653807,14882.335005370966,1,1000,2500,0.0,0,0,[0],9,2
regular,50,50,10,166.79443127302085,169.78162334282416,1,1000,2500,0.0,0,0,[0],5,2
e-singular,50,50,10,172.64346554248482,173.81511772004646,1,1000,2500,0.0,0,0,[0],6,2
singular1,50,50,10,133.98438339183346,135.96596353779137,1,1000,2500,0.0,0,0,[0],8,2
singular2,50,50,10,149.82164077131296,151.30566854166202,1,1000,2500,0.0,0,0,[0],8,2
regular,250,250,10,827.7516156076333,830.3713320185857,1,1000,2500,0.0,0,0,[0],5,2
e-singular,250,250,10,818.4740123325236,819.861220675143,1,1000,2500,0.0,0,0,[0],6,2
singular1,250,250,10,664.2543138588405,666.4560235218522,1,1000,2500,0.0,0,0,[0],8,2
singular2,250,250,10,757.1148853109704,759.4310472033455,1,1000,2500,0.0,0,0,[0],8,2
regular,5000,5000,10,16529.30815844258,16529.088039932434,1,1000,2500,0.0,0,0,[0],5,2
e-singular,5000,5000,10,16114.176615421744,16114.87613055518,1,1000,2500,0.0,0,0,[0],6,2
singular1,5000,5000,10,13414.24720442882,13415.899440779976,1,1000,2500,0.0,0,0,[0],8,2
singular2,5000,5000,10,14905.814883814037,14906.519536401904,1,1000,2500,0.0,0,0,[0],9,2
regular,50,50,11,172.3169517671933,175.11959557893772,1,1000,2500,0.0,0,0,[0],5,2
e-singular,50,50,11,169.3438382324207,170.79225078215214,1,1000,2500,0.0,0,0,[0],7,2
singular1,50,50,11,138.78739662865203,141.14546575019472,1,1000,2500,0.0,0,0,[0],8,2
singular2,50,50,11,152.0594229734515,153.89629068190936,1,1000,2500,0.0,0,0,[0],9,2
regular,250,250,11,851.937874122766,854.4867861038445,1,1000,2500,0.0,0,0,[0],5,2
e-singular,250,250,11,818.1015621676654,819.4150539519379,1,1000,2500,0.0,0,0,[0],6,2
singular1,250,250,11,682.2663458786246,684.6069724372184,1,1000,2500,0.0,0,0,[0],9,2
singular2,250,250,11,750.5751179167826,752.6825644107566,1,1000,2500,0.0,0,0,[0],8,2
regular,5000,5000,11,16511.600506485527,16511.939300545822,1,1000,2500,0.0,0,0,[0],5,2
e-singular,5000,5000,11,16085.384270863928,16084.024487381126,1,1000,2500,0.0,0,0,[0],6,2
singular1,5000,5000,11,13450.91872954786,13452.864260398595,1,1000,2500,0.0,0,0,[0],10,2
singular2,5000,5000,11,14902.92302725773,14905.058704599736,1,1000,2500,0.0,0,0,[0],8,2
regular,50,50,12,178.3795758441923,180.9384959160327,1,1000,2500,0.0,0,0,[0],5,2
e-singular,50,50,12,175.0695545454773,176.03082664620018,1,1000,2500,0.0,0,0,[0],7,2
singular1,50,50,12,145.4362272790029,147.32884623146938,1,1000,2500,0.0,0,0,[0],9,2
singular2,50,50,12,155.1195157962892,156.815240145031,1,1000,2500,0.0,0,0,[0],9,2
regular,250,250,12,805.3709300514857,807.5766854469989,1,1000,2500,0.0,0,0,[0],5,2
e-singular,250,250,12,814.4274317671473,815.2902397044016,1,1000,2500,0.0,0,0,[0],6,2
singular1,250,250,12,673.4130595887316,676.0409978738951,1,1000,2500,0.0,0,0,[0],9,2
singular2,250,250,12,752.0619787955912,754.1998913417434,1,1000,2500,0.0,0,0,[0],8,2
regular,5000,5000,12,16501.947225916523,16503.617683763085,1,1000,2500,0.0,0,0,[0],5,2
e-singular,5000,5000,12,16032.710380426868,16033.10316488531,1,1000,2500,0.0,0,0,[0],6,2
singular1,5000,5000,12,13444.563869869264,13445.468481448252,1,1000,2500,0.0,0,0,[0],10,2
singular2,5000,5000,12,14979.5675462569,14981.583145834584,1,1000,2500,0.0,0,0,[0],9,2
regular,50,50,13,160.27988310610849,163.06451168059945,1,1000,2500,0.0,0,0,[0],5,2
e-singular,50,50,13,157.62290282886116,159.55289478512236,1,1000,2500,0.0,0,0,[0],8,2
singular1,50,50,13,136.5386037880654,138.73786820640126,1,1000,2500,0.0,0,0,[0],8,2
singular2,50,50,13,147.55609227472235,149.41134569513056,1,1000,2500,0.0,0,0,[0],8,2
regular,250,250,13,811.6640339280365,814.3636312488424,1,1000,2500,0.0,0,0,[0],5,2
e-singular,250,250,13,807.5097547123934,808.7400427775639,1,1000,2500,0.0,0,0,[0],6,2
singular1,250,250,13,678.094992372723,680.069466535442,1,1000,2500,0.0,0,0,[0],9,2
singular2,250,250,13,745.597531508818,747.5793346659527,1,1000,2500,0.0,0,0,[0],9,2
regular,5000,5000,13,16614.667909480067,16616.177872918932,1,1000,2500,0.0,0,0,[0],5,2
e-singular,5000,5000,13,16133.072240679036,16131.816431318724,1,1000,2500,0.0,0,0,[0],6,2
singular1,5000,5000,13,13418.308328734722,13420.194070099124,1,1000,2500,0.0,0,0,[0],8,2
singular2,5000,5000,13,14866.805033536702,14868.521687851857,1,1000,2500,0.0,0,0,[0],10,2
regular,50,50,14,170.98788679607782,173.76955072877635,1,1000,2500,0.0,0,0,[0],5,2
e-singular,50,50,14,157.7980400185277,160.41321936173654,1,1000,2500,0.0,0,0,[0],8,2
singular1,50,50,14,143.51689021409527,145.58637134513282,1,1000,2500,0.0,0,0,[0],8,2
singular2,50,50,14,155.98147317549893,157.604448644891,1,1000,2500,0.0,0,0,[0],9,2
regular,250,250,14,824.1279429566644,825.7765648634227,1,1000,2500,0.0,0,0,[0],5,2
e-singular,250,250,14,809.7085911132738,810.8163753195062,1,1000,2500,0.0,0,0,[0],6,2
singular1,250,250,14,671.4388878763386,672.9647793830698,1,1000,2500,0.0,0,0,[0],9,2
singular2,250,250,14,741.0494319897346,742.8195979046668,1,1000,2500,0.0,0,0,[0],9,2
regular,5000,5000,14,16463.915430435514,16465.369614924683,1,1000,2500,0.0,0,0,[0],5,2
e-singular,5000,5000,14,16063.498701980585,16064.447623708167,1,1000,2500,0.0,0,0,[0],6,2
singular1,5000,5000,14,13464.349715694696,13466.317986522394,1,1000,2500,0.0,0,0,[0],9,2
singular2,5000,5000,14,14840.847918026338,14841.766526597548,1,1000,2500,0.0,0,0,[0],9,2
regular,50,50,15,171.46397528731643,174.12950985953265,1,1000,2500,0.0,0,0,[0],5,2
e-singular,50,50,15,175.14975880138675,176.77988239958285,1,1000,2500,0.0,0,0,[0],6,2
singular1,50,50,15,132.26616487660212,134.7463050455186,1,1000,2500,0.0,0,0,[0],7,2
singular2,50,50,15,147.10387394068042,148.87516188272227,1,1000,2500,0.0,0,0,[0],9,2
regular,250,250,15,815.4376294027546,817.6460463123161,1,1000,2500,0.0,0,0,[0],5,2
e-singular,250,250,15,829.3731525759704,831.2956587308619,1,1000,2500,0.0,0,0,[0],6,2
singular1,250,250,15,666.4978123830342,669.1782142782538,1,1000,2500,0.0,0,0,[0],9,2
singular2,250,250,15,750.7429752017456,752.4777665720499,1,1000,2500,0.0,0,0,[0],8,2
regular,5000,5000,15,16589.71307952744,16589.6921678745,1,1000,2500,0.0,0,0,[0],5,2
e-singular,5000,5000,15,16007.436435186337,16006.243031852986,1,1000,2500,0.0,0,0,[0],6,2
singular1,5000,5000,15,13464.148661371732,13465.219577272535,1,1000,2500,0.0,0,0,[0],10,2
singular2,5000,5000,15,14943.175314781136,14944.7099798547,1,1000,2500,0.0,0,0,[0],10,2
regular,50,50,16,167.68181870604857,170.1340410953331,1,1000,2500,0.0,0,0,[0],5,2
e-singular,50,50,16,161.6892869504176,163.3629397288135,1,1000,2500,0.0,0,0,[0],8,2
singular1,50,50,16,132.17111972695105,133.83938816096406,1,1000,2500,0.0,0,0,[0],8,2
singular2,50,50,16,155.89200372310864,157.83082232446154,1,1000,2500,0.0,0,0,[0],9,2
regular,250,250,16,835.4656358687629,837.2667499420651,1,1000,2500,0.0,0,0,[0],5,2
e-singular,250,250,16,803.7347170794555,804.4962140324762,1,1000,2500,0.0,0,0,[0],7,2
singular1,250,250,16,679.0683392674483,680.9094737396618,1,1000,2500,0.0,0,0,[0],8,2
singular2,250,250,16,751.614699722371,753.7567678104144,1,1000,2500,0.0,0,0,[0],10,2
regular,5000,5000,16,16528.04720115678,16528.735733325,1,1000,2500,0.0,0,0,[0],5,2
e-singular,5000,5000,16,15961.37589205206,15961.49433445004,1,1000,2500,0.0,0,0,[0],6,2
singular1,5000,5000,16,13423.568451664802,13424.700643640144,1,1000,2500,0.0,0,0,[0],10,2
singular2,5000,5000,16,14889.874613488164,14891.017194700657,1,1000,2500,0.0,0,0,[0],8,2
regular,50,50,17,177.5539885420792,180.2511902642226,1,1000,2500,0.0,0,0,[0],5,2
e-singular,50,50,17,152.13099125056604,154.01405851122016,1,1000,2500,0.0,0,0,[0],7,2
singular1,50,50,17,133.81612118048966,135.61757858245858,1,1000,2500,0.0,0,0,[0],8,2
singular2,50,50,17,154.1235906305431,155.93475699240733,1,1000,2500,0.0,0,0,[0],8,2
regular,250,250,17,819.0678102149783,821.1499152615175,1,1000,2500,0.0,0,0,[0],5,2
e-singular,250,250,17,797.4062340229382,798.8573704404488,1,1000,2500,0.0,0,0,[0],7,2
singular1,250,250,17,669.4664205462251,671.2620528457761,1,1000,2500,0.0,0,0,[0],9,2
singular2,250,250,17,745.3072874385875,747.7129975593373,1,1000,2500,0.0,0,0,[0],9,2
regular,5000,5000,17,16522.290100351616,16523.516941187965,1,1000,2500,0.0,0,0,[0],5,2
e-singular,5000,5000,17,16005.970441969532,16005.158269835223,1,1000,2500,0.0,0,0,[0],6,2
singular1,5000,5000,17,13529.161897495702,13530.84541952162,1,1000,2500,0.0,0,0,[0],10,2
singular2,5000,5000,17,14930.781853135828,14932.163648625416,1,1000,2500,0.0,0,0,[0],9,2
regular,50,50,18,166.6359757512522,169.4744077169078,1,1000,2500,0.0,0,0,[0],5,2
e-singular,50,50,18,170.53923239155637,171.80922273138188,1,1000,2500,0.0,0,0,[0],7,2
singular1,50,50,18,139.0415484616453,141.2182966900995,1,1000,2500,0.0,0,0,[0],8,2
singular2,50,50,18,147.0361400418255,149.0324806118499,1,1000,2500,0.0,0,0,[0],8,2
regular,250,250,18,841.2874670141831,843.5401363639224,1,1000,2500,0.0,0,0,[0],5,2
e-singular,250,250,18,831.6427862138878,833.1567579642565,1,1000,2500,0.0,0,0,[0],6,2
singular1,250,250,18,691.7723503961629,694.0874959847224,1,1000,2500,0.0,0,0,[0],9,2
singular2,250,250,18,748.1344048999823,750.1439707543879,1,1000,2500,0.0,0,0,[0],9,2
regular,5000,5000,18,16614.460167926714,16615.205932286983,1,1000,2500,0.0,0,0,[0],5,2
e-singular,5000,5000,18,16146.52984342044,16147.567114977684,1,1000,2500,0.0,0,0,[0],6,2
singular1,5000,5000,18,13459.532910289154,13462.21547823982,1,1000,2500,0.0,0,0,[0],9,2
singular2,5000,5000,18,14937.291875692892,14938.06954414239,1,1000,2500,0.0,0,0,[0],9,2
regular,50,50,19,167.88400012958303,170.95865215445582,1,1000,2500,0.0,0,0,[0],5,2
e-singular,50,50,19,168.5428554380019,170.3601299419764,1,1000,2500,0.0,0,0,[0],7,2
singular1,50,50,19,140.0832574031809,142.52223412099823,1,1000,2500,0.0,0,0,[0],8,2
singular2,50,50,19,149.06883192032294,151.3026981210678,1,1000,2500,0.0,0,0,[0],8,2
regular,250,250,19,833.5219903846709,836.462208585566,1,1000,2500,0.0,0,0,[0],5,2
e-singular,250,250,19,811.8628892008096,813.2731211552551,1,1000,2500,0.0,0,0,[0],6,2
singular1,250,250,19,670.2105933611819,672.3391654777797,1,1000,2500,0.0,0,0,[0],8,2
singular2,250,250,19,736.1736325513967,738.282967273761,1,1000,2500,0.0,0,0,[0],9,2
regular,5000,5000,19,16567.186086611917,16568.345395052802,1,1000,2500,0.0,0,0,[0],5,2
e-singular,5000,5000,19,16058.657779723064,16057.685422740498,1,1000,2500,0.0,0,0,[0],6,2
singular1,5000,5000,19,13496.80514100339,13498.46473941091,1,1000,2500,0.0,0,0,[0],10,2
singular2,5000,5000,19,14916.562873953666,14916.233118661668,1,1000,2500,0.0,0,0,[0],8,2
regular,50,50,20,169.86717680018523,172.32846960548687,1,1000,2500,0.0,0,0,[0],5,2
e-singular,50,50,20,162.4652802567142,163.9716643833998,1,1000,2500,0.0,0,0,[0],8,2
singular1,50,50,20,142.1720672320471,143.8228288868606,1,1000,2500,0.0,0,0,[0],8,2
singular2,50,50,20,158.70265798426834,160.3768282230949,1,1000,2500,0.0,0,0,[0],8,2
regular,250,250,20,820.5316929842304,823.1128029352867,1,1000,2500,0.0,0,0,[0],5,2
e-singular,250,250,20,798.2154160794666,799.2751361277369,1,1000,2500,0.0,0,0,[0],6,2
singular1,250,250,20,671.7279414457444,673.8862201992416,1,1000,2500,0.0,0,0,[0],8,2
singular2,250,250,20,745.9862362062358,747.5194943470176,1,1000,2500,0.0,0,0,[0],9,2
regular,50,50,0,168.43220597263996,170.39122060239978,1,1000,2500,0.0,0,0,[0],8,3
e-singular,50,50,0,161.65884370958477,163.21622800508032,1,1000,2500,0.0,0,0,[0],9,3
singular1,50,50,0,145.44905608141917,147.06456796885945,1,1000,2500,0.0,0,0,[0],9,3
singular2,50,50,0,155.34018038467028,156.6753969866701,1,1000,2500,0.0,0,0,[0],9,3
regular,250,250,0,844.0421121031736,846.2556234758077,1,1000,2500,0.0,0,0,[0],9,3
e-singular,250,250,0,824.4005493043337,825.8196469868751,1,1000,2500,0.0,0,0,[0],8,3
singular1,250,250,0,695.5964131477382,698.2089652499419,1,1000,2500,0.0,0,0,[0],9,3
singular2,250,250,0,757.5086563935466,759.6795643067952,1,1000,2500,0.0,0,0,[0],9,3
regular,5000,5000,0,16474.89355066101,16475.56295189171,1,1000,2500,0.0,0,0,[0],10,3
e-singular,5000,5000,0,16123.654073865646,16123.296059774497,1,1000,2500,0.0,0,0,[0],9,3
singular1,5000,5000,0,13387.80906900016,13388.313390851195,1,1000,2500,0.0,0,0,[0],10,3
singular2,5000,5000,0,14851.982645915015,14854.27384184492,1,1000,2500,0.0,0,0,[0],9,3
regular,50,50,1,164.69735852107755,166.65512539232594,1,1000,2500,0.0,0,0,[0],8,3
e-singular,50,50,1,163.1126477440469,164.69646399100372,1,1000,2500,0.0,0,0,[0],8,3
singular1,50,50,1,142.344351631224,144.3066893454223,1,1000,2500,0.0,0,0,[0],9,3
singular2,50,50,1,154.186214319067,155.47150111046443,1,1000,2500,0.0,0,0,[0],9,3
regular,250,250,1,837.3943784376276,839.3533694726787,1,1000,2500,0.0,0,0,[0],9,3
e-singular,250,250,1,801.6851609694506,802.1734555449971,1,1000,2500,0.0,0,0,[0],9,3
singular1,250,250,1,658.7957906826549,659.9922765918814,1,1000,2500,0.0,0,0,[0],9,3
singular2,250,250,1,742.2078798630378,744.5247739055561,1,1000,2500,0.0,0,0,[0],9,3
regular,5000,5000,1,16542.13322724048,16543.038579264547,1,1000,2500,0.0,0,0,[0],10,3
e-singular,5000,5000,1,16048.969981377206,16049.63159788645,1,1000,2500,0.0,0,0,[0],10,3
singular1,5000,5000,1,13453.497110098582,13455.308930560552,1,1000,2500,0.0,0,0,[0],10,3
singular2,5000,5000,1,14911.37146560912,14912.70096258982,1,1000,2500,0.0,0,0,[0],10,3
regular,50,50,2,171.90093971441817,173.76307616416085,1,1000,2500,0.0,0,0,[0],8,3
e-singular,50,50,2,167.2476352102466,168.5955036225821,1,1000,2500,0.0,0,0,[0],8,3
singular1,50,50,2,136.97842674291115,138.1652967579638,1,1000,2500,0.0,0,0,[0],9,3
singular2,50,50,2,153.19878357238136,154.5910145766671,1,1000,2500,0.0,0,0,[0],9,3
regular,250,250,2,849.9379502269798,852.1310687621068,1,1000,2500,0.0,0,0,[0],9,3
e-singular,250,250,2,809.1553899875616,809.8210374924827,1,1000,2500,0.0,0,0,[0],9,3
singular1,250,250,2,668.280088231402,670.6964751777549,1,1000,2500,0.0,0,0,[0],9,3
singular2,250,250,2,759.360488077485,761.3615832713178,1,1000,2500,0.0,0,0,[0],10,3
regular,5000,5000,2,16497.536108350596,16497.881530840696,1,1000,2500,0.0,0,0,[0],10,3
e-singular,5000,5000,2,16082.99075855174,16082.379256525352,1,1000,2500,0.0,0,0,[0],9,3
singular1,5000,5000,2,13442.513333638044,13444.34177219568,1,1000,2500,0.0,0,0,[0],10,3
singular2,5000,5000,2,14952.272224849376,14953.842924141438,1,1000,2500,0.0,0,0,[0],9,3
regular,50,50,3,171.7831821149452,173.96419021751788,1,1000,2500,0.0,0,0,[0],7,3
e-singular,50,50,3,170.24165584297089,171.79148551652804,1,1000,2500,0.0,0,0,[0],8,3
singular1,50,50,3,145.5140659969552,147.4581289261942,1,1000,2500,0.0,0,0,[0],9,3
singular2,50,50,3,153.13936416210507,154.87129907316344,1,1000,2500,0.0,0,0,[0],9,3
regular,250,250,3,836.2382930495736,838.054734153133,1,1000,2500,0.0,0,0,[0],9,3
e-singular,250,250,3,803.5415054905415,804.1519890827379,1,1000,2500,0.0,0,0,[0],8,3
singular1,250,250,3,684.6326290237207,686.3694639932695,1,1000,2500,0.0,0,0,[0],9,3
singular2,250,250,3,750.2916769860759,752.2589974219499,1,1000,2500,0.0,0,0,[0],9,3
regular,5000,5000,3,16559.692104398015,16560.881872954255,1,1000,2500,0.0,0,0,[0],10,3
e-singular,5000,5000,3,16010.27063684569,16010.87131699556,1,1000,2500,0.0,0,0,[0],9,3
singular1,5000,5000,3,13514.693255332611,13518.400371845551,1,1000,2500,0.0,0,0,[0],9,3
singular2,5000,5000,3,14911.267426230412,14913.631751686393,1,1000,2500,0.0,0,0,[0],10,3
regular,50,50,4,160.24369857010765,162.0909179544985,1,1000,2500,0.0,0,0,[0],9,3
e-singular,50,50,4,167.252727923582,168.81519653056185,1,1000,2500,0.0,0,0,[0],8,3
singular1,50,50,4,142.45953686008568,144.09134599900665,1,1000,2500,0.0,0,0,[0],8,3
singular2,50,50,4,152.06649319058198,153.52764414063154,1,1000,2500,0.0,0,0,[0],8,3
regular,250,250,4,855.4615598726713,856.7175704279819,1,1000,2500,0.0,0,0,[0],8,3
e-singular,250,250,4,800.624239009354,801.4058314308903,1,1000,2500,0.0,0,0,[0],8,3
singular1,250,250,4,690.2483784382213,691.9252885056219,1,1000,2500,0.0,0,0,[0],9,3
singular2,250,250,4,753.804666999023,756.0534505358169,1,1000,2500,0.0,0,0,[0],9,3
regular,5000,5000,4,16535.01943504079,16534.896042122942,1,1000,2500,0.0,0,0,[0],10,3
e-singular,5000,5000,4,16159.519430867158,16160.050983384132,1,1000,2500,0.0,0,0,[0],9,3
singular1,5000,5000,4,13475.104528341317,13477.784984111646,1,1000,2500,0.0,0,0,[0],10,3
singular2,5000,5000,4,14875.075945442017,14877.48594973099,1,1000,2500,0.0,0,0,[0],10,3
regular,50,50,5,166.49873635097913,168.6896734277154,1,1000,2500,0.0,0,0,[0],7,3
e-singular,50,50,5,169.8261687334022,170.66401296506243,1,1000,2500,0.0,0,0,[0],8,3
singular1,50,50,5,143.8951297464776,145.49980335116038,1,1000,2500,0.0,0,0,[0],9,3
singular2,50,50,5,148.3034301492709,149.48761287430443,1,1000,2500,0.0,0,0,[0],9,3
regular,250,250,5,847.4691909595828,849.6944484690447,1,1000,2500,0.0,0,0,[0],9,3
e-singular,250,250,5,817.3286657210402,818.6257945469762,1,1000,2500,0.0,0,0,[0],9,3
singular1,250,250,5,685.4626110560607,687.8223066011949,1,1000,2500,0.0,0,0,[0],10,3
singular2,250,250,5,738.0529614371147,739.7612979332372,1,1000,2500,0.0,0,0,[0],9,3
regular,5000,5000,5,16475.956426149583,16476.030513025766,1,1000,2500,0.0,0,0,[0],10,3
e-singular,5000,5000,5,16031.281888162195,16031.603483395684,1,1000,2500,0.0,0,0,[0],9,3
singular1,5000,5000,5,13457.74335513234,13460.447278688143,1,1000,2500,0.0,0,0,[0],10,3
singular2,5000,5000,5,14853.723953535176,14855.253603381732,1,1000,2500,0.0,0,0,[0],10,3
regular,50,50,6,177.1240235637403,178.8348604403172,1,1000,2500,0.0,0,0,[0],8,3
e-singular,50,50,6,152.6287919073654,153.8515649508795,1,1000,2500,0.0,0,0,[0],9,3
singular1,50,50,6,137.8426511655784,140.2633843786338,1,1000,2500,0.0,0,0,[0],8,3
singular2,50,50,6,157.1508086980313,158.93167932171517,1,1000,2500,0.0,0,0,[0],9,3
regular,250,250,6,802.1208494115973,803.8545347694143,1,1000,2500,0.0,0,0,[0],9,3
e-singular,250,250,6,810.2211397194736,811.3120569152617,1,1000,2500,0.0,0,0,[0],8,3
singular1,250,250,6,657.8601989553746,660.1318648255441,1,1000,2500,0.0,0,0,[0],9,3
singular2,250,250,6,743.8001791985854,745.6329520154679,1,1000,2500,0.0,0,0,[0],9,3
regular,50,50,0,171.26513244042988,172.35192213967937,1,1000,2500,0.0,0,0,[0],9,5
e-singular,50,50,0,164.1134670289595,165.19186877480803,1,1000,2500,0.0,0,0,[0],9,5
singular1,50,50,0,149.4474037811493,149.9071735265093,1,1000,2500,0.0,0,0,[0],9,5
singular2,50,50,0,159.4044469670242,159.50638823128676,1,1000,2500,0.0,0,0,[0],9,5
regular,250,250,0,848.788859368036,848.8433023624465,1,1000,2500,0.0,0,0,[0],9,5
e-singular,250,250,0,827.4138197280259,828.104502710845,1,1000,2500,0.0,0,0,[0],9,5
singular1,250,250,0,701.1946789204108,702.2621875933859,1,1000,2500,0.0,0,0,[0],9,5
singular2,250,250,0,762.9166979821978,763.5904133416211,1,1000,2500,0.0,0,0,[0],10,5
regular,5000,5000,0,16480.3948211022,16480.584811922618,1,1000,2500,0.0,0,0,[0],10,5
e-singular,5000,5000,0,16125.923070333867,16126.682492692971,1,1000,2500,0.0,0,0,[0],10,5
singular1,5000,5000,0,13394.8723303506,13395.384629763845,1,1000,2500,0.0,0,0,[0],10,5
singular2,5000,5000,0,14858.734195056131,14860.880004907543,1,1000,2500,0.0,0,0,[0],10,5
regular,50,50,1,168.69110566280744,168.73729316289905,1,1000,2500,0.0,0,0,[0],9,5
e-singular,50,50,1,165.7668969397184,166.5264507562861,1,1000,2500,0.0,0,0,[0],8,5
singular1,50,50,1,146.1033683978904,147.35469828693414,1,1000,2500,0.0,0,0,[0],9,5
singular2,50,50,1,157.49093731061902,158.33049441587804,1,1000,2500,0.0,0,0,[0],9,5
regular,250,250,1,842.3679550823431,842.4659137629452,1,1000,2500,0.0,0,0,[0],9,5
e-singular,250,250,1,803.758086576907,804.920309417434,1,1000,2500,0.0,0,0,[0],9,5
singular1,250,250,1,665.3794601052138,665.3538675751972,1,1000,2500,0.0,0,0,[0],9,5
singular2,250,250,1,748.6662505903475,748.9210660983119,1,1000,2500,0.0,0,0,[0],10,5
regular,5000,5000,1,16546.907952381847,16547.321724819478,1,1000,2500,0.0,0,0,[0],10,5
e-singular,5000,5000,1,16053.037719773329,16054.05579901183,1,1000,2500,0.0,0,0,[0],10,5
singular1,5000,5000,1,13459.669837332029,13462.10674097607,1,1000,2500,0.0,0,0,[0],10,5
singular2,5000,5000,1,14915.816220477587,14918.880371001344,1,1000,2500,0.0,0,0,[0],10,5
regular,50,50,2,174.89688293594915,175.6243336088418,1,1000,2500,0.0,0,0,[0],9,5
e-singular,50,50,2,169.5060252149713,170.41227722967707,1,1000,2500,0.0,0,0,[0],9,5
singular1,50,50,2,140.4058241387378,141.63171721220036,1,1000,2500,0.0,0,0,[0],9,5
singular2,50,50,2,156.7449627822958,157.54110699066155,1,1000,2500,0.0,0,0,[0],9,5
regular,250,250,2,853.802038409623,854.6629187148801,1,1000,2500,0.0,0,0,[0],9,5
e-singular,250,250,2,811.3841566563315,811.7422344944139,1,1000,2500,0.0,0,0,[0],9,5
singular1,250,250,2,674.2646503260275,675.6885737862893,1,1000,2500,0.0,0,0,[0],9,5
singular2,250,250,2,764.5263466743303,765.2098861907132,1,1000,2500,0.0,0,0,[0],10,5
regular,5000,5000,2,16502.006347018843,16501.728217497912,1,1000,2500,0.0,0,0,[0],10,5
e-singular,5000,5000,2,16085.956159626709,16086.249212524892,1,1000,2500,0.0,0,0,[0],10,5
singular1,5000,5000,2,13447.699151834451,13451.007481558876,1,1000,2500,0.0,0,0,[0],10,5
singular2,5000,5000,2,14957.494143739012,14959.433457049598,1,1000,2500,0.0,0,0,[0],10,5
regular,50,50,3,175.14848438164847,175.82446701559132,1,1000,2500,0.0,0,0,[0],9,5
e-singular,50,50,3,173.43824486511528,173.46235764421633,1,1000,2500,0.0,0,0,[0],8,5
singular1,50,50,3,149.20609038927464,150.15000680145738,1,1000,2500,0.0,0,0,[0],8,5
singular2,50,50,3,156.87235960928754,157.80842417346167,1,1000,2500,0.0,0,0,[0],9,5
regular,250,250,3,840.3998378775261,840.8423423756575,1,1000,2500,0.0,0,0,[0],9,5
e-singular,250,250,3,806.7933813120009,807.0593822315549,1,1000,2500,0.0,0,0,[0],9,5
singular1,250,250,3,690.2499687827448,690.9011580445017,1,1000,2500,0.0,0,0,[0],9,5
singular2,250,250,3,755.4907848069266,756.4970398361365,1,1000,2500,0.0,0,0,[0],9,5
regular,5000,5000,3,16564.331322227972,16565.801712466266,1,1000,2500,0.0,0,0,[0],10,5
e-singular,5000,5000,3,16015.229117874283,16015.280007502495,1,1000,2500,0.0,0,0,[0],10,5
singular1,5000,5000,3,13519.126284517975,13524.189954389742,1,1000,2500,0.0,0,0,[0],10,5
singular2,5000,5000,3,14917.26755267372,14919.665803979577,1,1000,2500,0.0,0,0,[0],10,5
regular,50,50,4,163.57391913546795,164.27914869608648,1,1000,2500,0.0,0,0,[0],9,5
e-singular,50,50,4,169.38066925260185,170.38570138627307,1,1000,2500,0.0,0,0,[0],8,5
singular1,50,50,4,146.95310091326473,147.09621974194226,1,1000,2500,0.0,0,0,[0],8,5
singular2,50,50,4,155.64544044673582,156.6211944226558,1,1000,2500,0.0,0,0,[0],9,5
regular,250,250,4,858.5572238297692,858.5681656107977,1,1000,2500,0.0,0,0,[0],9,5
e-singular,250,250,4,803.4275060903595,804.6222612498847,1,1000,2500,0.0,0,0,[0],9,5
singular1,250,250,4,695.7120878577884,696.309479850763,1,1000,2500,0.0,0,0,[0],10,5
singular2,250,250,4,759.2951726566246,760.2860199144587,1,1000,2500,0.0,0,0,[0],10,5
regular,5000,5000,4,16541.06370000124,16540.591256143412,1,1000,2500,0.0,0,0,[0],10,5
e-singular,5000,5000,4,16161.949827796643,16162.61619878307,1,1000,2500,0.0,0,0,[0],10,5
singular1,5000,5000,4,13481.789382573235,13484.288804869364,1,1000,2500,0.0,0,0,[0],10,5
singular2,5000,5000,4,14882.0440612412,14883.594547880006,1,1000,2500,0.0,0,0,[0],10,5
regular,50,50,5,169.30623995968628,170.25904354704815,1,1000,2500,0.0,0,0,[0],8,5
e-singular,50,50,5,172.3012752577535,172.50778030193368,1,1000,2500,0.0,0,0,[0],8,5
singular1,50,50,5,147.07451038922136,148.5527474710029,1,1000,2500,0.0,0,0,[0],9,5
singular2,50,50,5,152.24835786637925,152.63709614127893,1,1000,2500,0.0,0,0,[0],9,5
regular,250,250,5,850.681163453228,851.9396915787905,1,1000,2500,0.0,0,0,[0],9,5
e-singular,250,250,5,821.0417320712896,821.1552737790967,1,1000,2500,0.0,0,0,[0],9,5
singular1,250,250,5,690.861492632758,692.3905976283817,1,1000,2500,0.0,0,0,[0],9,5
singular2,250,250,5,744.3442489332004,744.3326210241725,1,1000,2500,0.0,0,0,[0],9,5
regular,5000,5000,5,16483.249939403086,16481.214589521667,1,1000,2500,0.0,0,0,[0],10,5
e-singular,5000,5000,5,16035.051293335,16035.9486146433,1,1000,2500,0.0,0,0,[0],10,5
singular1,5000,5000,5,13463.568664628216,13467.036297056602,1,1000,2500,0.0,0,0,[0],10,5
singular2,5000,5000,5,14859.854239109072,14861.52853234955,1,1000,2500,0.0,0,0,[0],10,5
regular,50,50,6,179.42989506611687,180.05052828791298,1,1000,2500,0.0,0,0,[0],9,5
e-singular,50,50,6,155.73254067889857,156.6249805401386,1,1000,2500,0.0,0,0,[0],9,5
singular1,50,50,6,143.05195806432792,143.5809885345643,1,1000,2500,0.0,0,0,[0],9,5
singular2,50,50,6,161.15919812566048,161.54369889174566,1,1000,2500,0.0,0,0,[0],9,5
regular,250,250,6,807.7162355028903,807.7812557823876,1,1000,2500,0.0,0,0,[0],9,5
e-singular,250,250,6,813.3830071307618,813.9653266233416,1,1000,2500,0.0,0,0,[0],9,5
singular1,250,250,6,664.9841847200133,665.3102838690675,1,1000,2500,0.0,0,0,[0],9,5
singular2,250,250,6,750.4413495602221,750.0255303681955,1,1000,2500,0.0,0,0,[0],10,5
regular,5000,5000,6,16613.86382315445,16614.60756971026,1,1000,2500,0.0,0,0,[0],10,3
regular,5000,5000,6,16617.108724197184,16618.776529411047,1,1000,2500,0.0,0,0,[0],10,5
e-singular,5000,5000,6,16123.944401525348,16124.113484640702,1,1000,2500,0.0,0,0,[0],9,3
e-singular,5000,5000,6,16127.300743416585,16127.585774657142,1,1000,2500,0.0,0,0,[0],10,5
singular1,5000,5000,6,13497.715787756584,13500.352244453652,1,1000,2500,0.0,0,0,[0],10,3
singular1,5000,5000,6,13502.194246077934,13506.49497277952,1,1000,2500,0.0,0,0,[0],10,5
singular2,5000,5000,6,14943.935904239985,14945.165890788778,1,1000,2500,0.0,0,0,[0],10,3
singular2,5000,5000,6,14948.423764042243,14950.9132855862,1,1000,2500,0.0,0,0,[0],10,5
regular,50,50,7,173.9815738169207,175.55572688200309,1,1000,2500,0.0,0,0,[0],8,3
regular,50,50,7,176.40448624353897,176.91118016706443,1,1000,2500,0.0,0,0,[0],8,5
e-singular,50,50,7,163.46670581452216,164.83397835347824,1,1000,2500,0.0,0,0,[0],8,3
e-singular,50,50,7,165.76260559796413,166.7647384141485,1,1000,2500,0.0,0,0,[0],8,5
singular1,50,50,7,138.98638532965188,140.134048967644,1,1000,2500,0.0,0,0,[0],8,3
singular1,50,50,7,141.88807910105433,143.30847466322572,1,1000,2500,0.0,0,0,[0],8,5
singular2,50,50,7,145.89075012031762,147.2191428139251,1,1000,2500,0.0,0,0,[0],9,3
singular2,50,50,7,150.30963409454213,150.49773771862232,1,1000,2500,0.0,0,0,[0],9,5
regular,250,250,7,815.8660222702556,817.5158966326718,1,1000,2500,0.0,0,0,[0],8,3
regular,250,250,7,821.2805791616942,821.1392054687516,1,1000,2500,0.0,0,0,[0],10,5
e-singular,250,250,7,819.8545855039301,821.317650515044,1,1000,2500,0.0,0,0,[0],9,3
e-singular,250,250,7,822.342167137516,823.5802340981453,1,1000,2500,0.0,0,0,[0],10,5
singular1,250,250,7,673.1686064057862,674.7554454848764,1,1000,2500,0.0,0,0,[0],9,3
singular1,250,250,7,678.9731636922739,679.5255249544132,1,1000,2500,0.0,0,0,[0],9,5
singular2,250,250,7,747.224768843522,748.9508408781494,1,1000,2500,0.0,0,0,[0],9,3
singular2,250,250,7,754.6168899015479,753.3309971334329,1,1000,2500,0.0,0,0,[0],9,5
regular,5000,5000,7,16539.740295829604,16540.18895333162,1,1000,2500,0.0,0,0,[0],10,3
regular,5000,5000,7,16544.659892429387,16544.7792039776,1,1000,2500,0.0,0,0,[0],10,5
e-singular,5000,5000,7,16120.969313536523,16121.485468956938,1,1000,2500,0.0,0,0,[0],9,3
e-singular,5000,5000,7,16124.22656498838,16124.788658289926,1,1000,2500,0.0,0,0,[0],10,5
singular1,5000,5000,7,13435.439983122473,13437.983324925275,1,1000,2500,0.0,0,0,[0],10,3
singular1,5000,5000,7,13442.220806009644,13444.80980406441,1,1000,2500,0.0,0,0,[0],10,5
singular2,5000,5000,7,14977.68413538378,14979.264782669467,1,1000,2500,0.0,0,0,[0],10,3
singular2,5000,5000,7,14981.69885906206,14984.858155604301,1,1000,2500,0.0,0,0,[0],10,5
regular,50,50,8,177.9454244681078,179.85528122605552,1,1000,2500,0.0,0,0,[0],8,3
regular,50,50,8,181.55521080963194,181.55409102693378,1,1000,2500,0.0,0,0,[0],9,5
e-singular,50,50,8,167.4972535147548,168.997898210625,1,1000,2500,0.0,0,0,[0],8,3
e-singular,50,50,8,169.65260511420672,170.64639085672195,1,1000,2500,0.0,0,0,[0],9,5
singular1,50,50,8,143.8311984544513,145.64622434504514,1,1000,2500,0.0,0,0,[0],8,3
singular1,50,50,8,147.34185494187594,148.52572855674137,1,1000,2500,0.0,0,0,[0],9,5
singular2,50,50,8,151.56437458839451,153.4152337976339,1,1000,2500,0.0,0,0,[0],9,3
singular2,50,50,8,155.53028209475903,156.28131771238165,1,1000,2500,0.0,0,0,[0],9,5
regular,250,250,8,817.8362939052276,819.4398545259617,1,1000,2500,0.0,0,0,[0],8,3
regular,250,250,8,821.4265855507886,822.4050486662976,1,1000,2500,0.0,0,0,[0],10,5
e-singular,250,250,8,801.5537785290908,802.1018349802073,1,1000,2500,0.0,0,0,[0],9,3
e-singular,250,250,8,806.2525867865327,805.4932229458146,1,1000,2500,0.0,0,0,[0],9,5
singular1,250,250,8,671.2937898055868,673.0876085942764,1,1000,2500,0.0,0,0,[0],9,3
singular1,250,250,8,678.0044000569472,678.0517837357073,1,1000,2500,0.0,0,0,[0],9,5
singular2,250,250,8,739.2396259202778,740.5583116402589,1,1000,2500,0.0,0,0,[0],10,3
