rlct,hypers,mean_divergences,total_divergences,max_divergences,divergences_per_chain,chain_tree_depth,dsid,regime,n,trial,chains,draws,tune,name,duration,k
1.1968932038840776,"c=1,d=1",0.0,0,0,"[0, 0]",5,regular,50,50,0,1,2000,4000,watanabe,23.792111082933843,
1.4987375333648474,"c=1,d=1",0.0,0,0,"[0, 0]",5,regular,50,50,0,1,2000,4000,watanabe,24.326809916994534,
1.3331138119250148,"c=1,d=1",0.0,0,0,"[0, 0]",5,regular,50,50,0,1,2000,4000,watanabe,28.609035750036128,2.0
1.198396270651645,c=1,0.0,0,0,[0],5,regular,50,50,0,1,2000,4000,toru,13.42966287501622,2.0
0.9969784156632643,"c=1,d=1",0.0,0,0,"[0, 0]",7,e-singular,50,50,0,1,2000,4000,watanabe,27.931504250038415,2.0
0.9327537849015596,c=1,0.0,0,0,[0],8,e-singular,50,50,0,1,2000,4000,toru,12.703820124967024,2.0
1.1500851848238467,"c=1,d=1",0.0,0,0,"[0, 0]",8,singular1,50,50,0,1,2000,4000,watanabe,28.83416887500789,2.0
1.0114818617905652,c=1,0.0,0,0,[0],8,singular1,50,50,0,1,2000,4000,toru,15.273584165959619,2.0
0.9288245311293133,"c=1,d=1",0.0,0,0,"[0, 0]",8,singular2,50,50,0,1,2000,4000,watanabe,29.662836000090465,2.0
0.9079115410973511,c=1,0.0,0,0,[0],8,singular2,50,50,0,1,2000,4000,toru,14.921521374955773,2.0
2.152109921488755,"c=1,d=1",0.0,0,0,"[0, 0]",8,regular,50,50,0,1,2000,4000,watanabe,33.04244262503926,3.0
1.5686700230343875,c=1,0.0,0,0,[0],8,regular,50,50,0,1,2000,4000,toru,21.332966874935664,3.0
1.559882623038507,"c=1,d=1",0.0,0,0,"[0, 0]",8,e-singular,50,50,0,1,2000,4000,watanabe,34.574490042054094,3.0
1.4392273015284573,c=1,0.0,0,0,[0],8,e-singular,50,50,0,1,2000,4000,toru,21.096589458058588,3.0
2.258695348684784,"c=1,d=1",0.0,0,0,"[0, 0]",8,singular1,50,50,0,1,2000,4000,watanabe,40.46048066706862,3.0
1.827945477245175,c=1,0.0,0,0,[0],9,singular1,50,50,0,1,2000,4000,toru,23.96581324993167,3.0
1.6970096425942212,"c=1,d=1",0.0,0,0,"[0, 0]",8,singular2,50,50,0,1,2000,4000,watanabe,40.223599583958276,3.0
1.4631909010591067,c=1,0.0,0,0,[0],8,singular2,50,50,0,1,2000,4000,toru,23.386231041979045,3.0
3.0547029590223085,"c=1,d=1",0.0,0,0,"[0, 0]",9,regular,50,50,0,1,2000,4000,watanabe,65.84940433397423,5.0
2.0761339650958717,c=1,0.0,0,0,[0],9,regular,50,50,0,1,2000,4000,toru,44.66904962505214,5.0
2.8618887122487044,"c=1,d=1",0.0,0,0,"[0, 0]",8,e-singular,50,50,0,1,2000,4000,watanabe,50.39046437491197,5.0
1.9529800425683093,c=1,0.0,0,0,[0],9,e-singular,50,50,0,1,2000,4000,toru,36.66009529191069,5.0
4.363585046016373,"c=1,d=1",0.0,0,0,"[0, 0]",9,singular1,50,50,0,1,2000,4000,watanabe,58.424052624963224,5.0
2.631054607551361,c=1,0.0,0,0,[0],9,singular1,50,50,0,1,2000,4000,toru,40.21128583396785,5.0
3.1415677136019933,"c=1,d=1",0.0,0,0,"[0, 0]",8,singular2,50,50,0,1,2000,4000,watanabe,58.643628165940754,5.0
1.8317957444164574,c=1,0.0,0,0,[0],8,singular2,50,50,0,1,2000,4000,toru,35.14855462498963,5.0
1.428052483728522,"c=1,d=1",0.0,0,0,"[0, 0]",5,regular,250,250,0,1,2000,4000,watanabe,43.44410800002515,2.0
1.6363544471897946,c=1,0.0,0,0,[0],5,regular,250,250,0,1,2000,4000,toru,21.11424504208844,2.0
1.5385832428526744,"c=1,d=1",0.0,0,0,"[0, 0]",9,e-singular,250,250,0,1,2000,4000,watanabe,49.65231770800892,2.0
1.5339913029497028,c=1,0.0,0,0,[0],8,e-singular,250,250,0,1,2000,4000,toru,21.992568082991056,2.0
0.780569346707106,"c=1,d=1",0.0,0,0,"[0, 0]",9,singular1,250,250,0,1,2000,4000,watanabe,51.90016491699498,2.0
1.0056876484120016,c=1,0.0,0,0,[0],10,singular1,250,250,0,1,2000,4000,toru,24.365217500017025,2.0
1.144106551816263,"c=1,d=1",0.0,0,0,"[0, 0]",9,singular2,250,250,0,1,2000,4000,watanabe,46.45462554204278,2.0
0.9119556333926413,c=1,0.0,0,0,[0],8,singular2,250,250,0,1,2000,4000,toru,24.645993625046685,2.0
1.9563304700189628,"c=1,d=1",0.0,0,0,"[0, 0]",9,regular,250,250,0,1,2000,4000,watanabe,51.744268125039525,3.0
1.6587736799259394,c=1,0.0,0,0,[0],10,regular,250,250,0,1,2000,4000,toru,38.87077999999747,3.0
1.8621910399455326,"c=1,d=1",0.0,0,0,"[0, 0]",9,e-singular,250,250,0,1,2000,4000,watanabe,66.78343308309559,3.0
1.8080291875363943,c=1,0.0,0,0,[0],9,e-singular,250,250,0,1,2000,4000,toru,40.71666487492621,3.0
1.7721075776200679,"c=1,d=1",0.0,0,0,"[0, 0]",10,singular1,250,250,0,1,2000,4000,watanabe,70.64612808299717,3.0
1.5446830923612702,c=1,0.0,0,0,[0],10,singular1,250,250,0,1,2000,4000,toru,40.283279167022556,3.0
1.8596329988586853,"c=1,d=1",0.0,0,0,"[0, 0]",9,singular2,250,250,0,1,2000,4000,watanabe,64.3269772909116,3.0
1.4760204100768608,c=1,0.0,0,0,[0],9,singular2,250,250,0,1,2000,4000,toru,34.81777062499896,3.0
2.9283883707241443,"c=1,d=1",0.0,0,0,"[0, 0]",9,regular,250,250,0,1,2000,4000,watanabe,109.63163525005803,5.0
2.203745973611238,c=1,0.0,0,0,[0],10,regular,250,250,0,1,2000,4000,toru,98.89470933401026,5.0
2.8410223066187688,"c=1,d=1",0.0,0,0,"[0, 0]",9,e-singular,250,250,0,1,2000,4000,watanabe,102.61387337499764,5.0
1.943063519984496,c=1,0.0,0,0,[0],9,e-singular,250,250,0,1,2000,4000,toru,81.75601808296051,5.0
3.759738940508075,"c=1,d=1",0.0,0,0,"[0, 0]",10,singular1,250,250,0,1,2000,4000,watanabe,108.29171058395877,5.0
2.7502537254301322,c=1,0.0,0,0,[0],10,singular1,250,250,0,1,2000,4000,toru,82.58771737490315,5.0
3.7867411076324764,"c=1,d=1",0.0,0,0,"[0, 0]",9,singular2,250,250,0,1,2000,4000,watanabe,87.72527795797214,5.0
2.3811882564664555,c=1,0.0,0,0,[0],9,singular2,250,250,0,1,2000,4000,toru,56.83468670898583,5.0
