dsid,regime,n,trial,rlct,hypers,name,chains,draws,tune,mean_divergences,total_divergences,max_divergences,divergences_per_chain,chain_tree_depth,duration
singular2,5000,5000,0,0.9596828466154398,"c=1,d=0.1",watanabe,4,1000,4000,0.0,0,0,"[0, 0, 0, 0, 0, 0, 0, 0]",10,
singular2,5000,5000,0,0.8392887386257775,"c=1,d=1",watanabe,4,1000,4000,0.0,0,0,"[0, 0, 0, 0, 0, 0, 0, 0]",10,
singular2,5000,5000,1,0.8160951173387863,"c=1,d=0.1",watanabe,4,1000,4000,0.0,0,0,"[0, 0, 0, 0, 0, 0, 0, 0]",10,
singular2,5000,5000,1,0.9054766898427437,"c=1,d=1",watanabe,4,1000,4000,0.0,0,0,"[0, 0, 0, 0, 0, 0, 0, 0]",10,
singular2,5000,5000,2,1.453012207514542,"c=1,d=0.1",watanabe,4,1000,4000,0.0,0,0,"[0, 0, 0, 0, 0, 0, 0, 0]",10,
singular2,5000,5000,2,0.803190326012678,"c=1,d=1",watanabe,4,1000,4000,0.0,0,0,"[0, 0, 0, 0, 0, 0, 0, 0]",10,
singular2,5000,5000,3,0.8760812501835824,"c=1,d=0.1",watanabe,4,1000,4000,0.0,0,0,"[0, 0, 0, 0, 0, 0, 0, 0]",10,
singular2,5000,5000,3,0.712657860542128,"c=1,d=1",watanabe,4,1000,4000,0.0,0,0,"[0, 0, 0, 0, 0, 0, 0, 0]",10,
singular1,5000,5000,0,0.812625367136558,"c=1,d=0.1",watanabe,4,1000,4000,0.0,0,0,"[0, 0, 0, 0, 0, 0, 0, 0]",10,
singular1,5000,5000,0,0.7521978744382682,"c=1,d=1",watanabe,4,1000,4000,0.0,0,0,"[0, 0, 0, 0, 0, 0, 0, 0]",10,
e-singular,5000,5000,0,1.2833300833265302,"c=1,d=0.1",watanabe,4,1000,4000,0.0,0,0,"[0, 0, 0, 0, 0, 0, 0, 0]",7,
e-singular,5000,5000,0,1.4105241944332143,"c=1,d=1",watanabe,4,1000,4000,0.0,0,0,"[0, 0, 0, 0, 0, 0, 0, 0]",7,
singular1,5000,5000,1,0.3615246696850038,"c=1,d=0.1",watanabe,4,1000,4000,0.0,0,0,"[0, 0, 0, 0, 0, 0, 0, 0]",10,
singular1,5000,5000,1,0.6440942743151582,"c=1,d=1",watanabe,4,1000,4000,0.0,0,0,"[0, 0, 0, 0, 0, 0, 0, 0]",10,
singular1,5000,5000,2,1.3830377180942282,"c=1,d=0.1",watanabe,4,1000,4000,0.0,0,0,"[0, 0, 0, 0, 0, 0, 0, 0]",10,
singular2,50,50,0,1.0359319574834664,"c=1,d=0.1",watanabe,4,1000,4000,0.0,0,0,"[0, 0, 0, 0, 0, 0, 0, 0]",9,
singular2,250,250,0,1.7039316446977768,"c=1,d=0.1",watanabe,4,1000,4000,0.0,0,0,"[0, 0, 0, 0, 0, 0, 0, 0]",9,
regular,5000,5000,0,1.3928105758792513,"c=1,d=0.1",watanabe,4,1000,4000,0.0,0,0,"[0, 0, 0, 0, 0, 0, 0, 0]",8,
singular2,50,50,0,1.0278910590104555,"c=1,d=1",watanabe,4,1000,4000,0.0,0,0,"[0, 0, 0, 0, 0, 0, 0, 0]",9,
singular2,250,250,0,0.9410042585289408,"c=1,d=1",watanabe,4,1000,4000,0.0,0,0,"[0, 0, 0, 0, 0, 0, 0, 0]",10,
regular,5000,5000,0,1.600074896765454,"c=1,d=1",watanabe,4,1000,4000,0.0,0,0,"[0, 0, 0, 0, 0, 0, 0, 0]",7,
singular2,50,50,1,0.7056760062062294,"c=1,d=0.1",watanabe,4,1000,4000,0.0,0,0,"[0, 0, 0, 0, 0, 0, 0, 0]",9,
singular2,250,250,1,1.3045266840640088,"c=1,d=0.1",watanabe,4,1000,4000,0.0,0,0,"[0, 0, 0, 0, 0, 0, 0, 0]",9,
e-singular,5000,5000,1,1.5467639167762564,"c=1,d=0.1",watanabe,4,1000,4000,0.0,0,0,"[0, 0, 0, 0, 0, 0, 0, 0]",7,
singular2,50,50,1,0.9400366790772468,"c=1,d=1",watanabe,4,1000,4000,0.0,0,0,"[0, 0, 0, 0, 0, 0, 0, 0]",9,
singular2,250,250,1,0.9220479255115231,"c=1,d=1",watanabe,4,1000,4000,0.0,0,0,"[0, 0, 0, 0, 0, 0, 0, 0]",10,
e-singular,5000,5000,1,1.506848755665579,"c=1,d=1",watanabe,4,1000,4000,0.0,0,0,"[0, 0, 0, 0, 0, 0, 0, 0]",7,
singular2,50,50,2,0.7656141464718289,"c=1,d=0.1",watanabe,4,1000,4000,0.0,0,0,"[0, 0, 0, 0, 0, 0, 0, 0]",9,
singular2,250,250,2,0.5516103623041404,"c=1,d=0.1",watanabe,4,1000,4000,0.0,0,0,"[0, 0, 0, 0, 0, 0, 0, 0]",10,
e-singular,5000,5000,2,1.741189137953343,"c=1,d=0.1",watanabe,4,1000,4000,0.0,0,0,"[0, 0, 0, 0, 0, 0, 0, 0]",7,
singular2,50,50,2,0.9410820173168344,"c=1,d=1",watanabe,4,1000,4000,0.0,0,0,"[0, 0, 0, 0, 0, 0, 0, 0]",10,
singular2,250,250,2,0.8796612562069532,"c=1,d=1",watanabe,4,1000,4000,0.0,0,0,"[0, 0, 0, 0, 0, 0, 0, 0]",10,
singular1,5000,5000,2,1.011524423131689,"c=1,d=1",watanabe,4,1000,4000,0.0,0,0,"[0, 0, 0, 0, 0, 0, 0, 0]",10,
singular2,50,50,3,1.5238247674685277,"c=1,d=0.1",watanabe,4,1000,4000,0.0,0,0,"[0, 0, 0, 0, 0, 0, 0, 0]",8,
singular1,50,50,0,1.5342907542926534,"c=1,d=0.1",watanabe,4,1000,4000,0.0,0,0,"[0, 0, 0, 0, 0, 0, 0, 0]",10,
singular1,250,250,0,0.131523373309987,"c=1,d=0.1",watanabe,4,1000,4000,0.0,0,0,"[0, 0, 0, 0, 0, 0, 0, 0]",10,
singular1,250,250,0,0.131523373309987,"c=1,d=0.1",watanabe,4,1000,4000,0.0,0,0,"[0, 0, 0, 0, 0, 0, 0, 0]",10,
singular1,50,50,0,1.0914673607929688,"c=1,d=1",watanabe,4,1000,4000,0.0,0,0,"[0, 0, 0, 0, 0, 0, 0, 0]",10,
singular1,250,250,0,1.0321282688486475,"c=1,d=1",watanabe,4,1000,4000,0.0,0,0,"[0, 0, 0, 0, 0, 0, 0, 0]",10,
singular1,250,250,0,1.0321282688486475,"c=1,d=1",watanabe,4,1000,4000,0.0,0,0,"[0, 0, 0, 0, 0, 0, 0, 0]",10,
e-singular,50,50,0,0.7219143944947461,"c=1,d=0.1",watanabe,4,1000,4000,0.0,0,0,"[0, 0, 0, 0, 0, 0, 0, 0]",9,9.140040458005387
e-singular,250,250,0,0.939760658057108,"c=1,d=0.1",watanabe,4,1000,4000,0.0,0,0,"[0, 0, 0, 0, 0, 0, 0, 0]",9,8.604138540977146
e-singular,250,250,0,0.939760658057108,"c=1,d=0.1",watanabe,4,1000,4000,0.0,0,0,"[0, 0, 0, 0, 0, 0, 0, 0]",9,8.604138540977146
regular,50,50,0,1.9306881847703985,"c=1,d=0.1",watanabe,4,1000,4000,0.0,0,0,"[0, 0, 0, 0, 0, 0, 0, 0]",6,10.089331916999072
regular,250,250,0,1.9539782392478515,"c=1,d=0.1",watanabe,4,1000,4000,0.0,0,0,"[0, 0, 0, 0, 0, 0, 0, 0]",6,6.324483875010628
regular,250,250,0,1.9539782392478515,"c=1,d=0.1",watanabe,4,1000,4000,0.0,0,0,"[0, 0, 0, 0, 0, 0, 0, 0]",6,6.324483875010628
e-singular,50,50,0,1.0940241019045034,"c=1,d=1",watanabe,4,1000,4000,0.0,0,0,"[0, 0, 0, 0, 0, 0, 0, 0]",10,14.240868249966296
e-singular,250,250,0,1.536739966798926,"c=1,d=1",watanabe,4,1000,4000,0.0,0,0,"[0, 0, 0, 0, 0, 0, 0, 0]",9,9.186467999999875
e-singular,250,250,0,1.536739966798926,"c=1,d=1",watanabe,4,1000,4000,0.0,0,0,"[0, 0, 0, 0, 0, 0, 0, 0]",9,9.186467999999875
singular1,50,50,1,1.236322714354781,"c=1,d=0.1",watanabe,4,1000,4000,0.0,0,0,"[0, 0, 0, 0, 0, 0, 0, 0]",10,7.726884624978993
singular1,250,250,1,0.572477861493746,"c=1,d=0.1",watanabe,4,1000,4000,0.0,0,0,"[0, 0, 0, 0, 0, 0, 0, 0]",10,14.669518999988211
regular,5000,5000,1,2.080923112951788,"c=1,d=0.1",watanabe,4,1000,4000,0.0,0,0,"[0, 0, 0, 0, 0, 0, 0, 0]",7,33.09314099996118
singular1,50,50,1,1.02021902768282,"c=1,d=1",watanabe,4,1000,4000,0.0,0,0,"[0, 0, 0, 0, 0, 0, 0, 0]",10,7.806768416019622
singular1,250,250,1,1.1278669659688143,"c=1,d=1",watanabe,4,1000,4000,0.0,0,0,"[0, 0, 0, 0, 0, 0, 0, 0]",10,14.20005304197548
regular,5000,5000,1,1.5158690493420086,"c=1,d=1",watanabe,4,1000,4000,0.0,0,0,"[0, 0, 0, 0, 0, 0, 0, 0]",5,30.97839795803884
singular1,50,50,2,1.6933266943757612,"c=1,d=0.1",watanabe,4,1000,4000,0.0,0,0,"[0, 0, 0, 0, 0, 0, 0, 0]",10,8.063374916033354
singular1,250,250,2,1.2849796278236203,"c=1,d=0.1",watanabe,4,1000,4000,0.0,0,0,"[0, 0, 0, 0, 0, 0, 0, 0]",10,12.14889770798618
regular,5000,5000,2,2.37051481529891,"c=1,d=0.1",watanabe,4,1000,4000,0.0,0,0,"[0, 0, 0, 0, 0, 0, 0, 0]",7,30.53889429202536
singular1,50,50,2,1.1965042047097971,"c=1,d=1",watanabe,4,1000,4000,0.0,0,0,"[0, 0, 0, 0, 0, 0, 0, 0]",10,8.395877541974187
singular1,250,250,2,1.0381848306373276,"c=1,d=1",watanabe,4,1000,4000,0.0,0,0,"[0, 0, 0, 0, 0, 0, 0, 0]",10,13.422286292014178
e-singular,5000,5000,2,1.6507733644666418,"c=1,d=1",watanabe,4,1000,4000,0.0,0,0,"[0, 0, 0, 0, 0, 0, 0, 0]",7,46.3836669580196
singular1,50,50,3,0.0312010526507773,"c=1,d=0.1",watanabe,4,1000,4000,0.0,0,0,"[0, 0, 0, 0, 0, 0, 0, 0]",9,7.815445624990389
singular2,250,250,3,0.5500653594851099,"c=1,d=0.1",watanabe,4,1000,4000,0.0,0,0,"[0, 0, 0, 0, 0, 0, 0, 0]",10,10.270375332969708
singular1,5000,5000,3,0.835324208115863,"c=1,d=0.1",watanabe,4,1000,4000,0.0,0,0,"[0, 0, 0, 0, 0, 0, 0, 0]",10,163.15642833401216
singular2,50,50,3,0.9912439095028542,"c=1,d=1",watanabe,4,1000,4000,0.0,0,0,"[0, 0, 0, 0, 0, 0, 0, 0]",9,5.961169874994084
singular2,250,250,3,0.8305288911159286,"c=1,d=1",watanabe,4,1000,4000,0.0,0,0,"[0, 0, 0, 0, 0, 0, 0, 0]",10,12.96542629104806
singular1,5000,5000,3,0.803755632844826,"c=1,d=1",watanabe,4,1000,4000,0.0,0,0,"[0, 0, 0, 0, 0, 0, 0, 0]",10,198.56585941597584
singular2,50,50,4,0.5224706888626935,"c=1,d=0.1",watanabe,4,1000,4000,0.0,0,0,"[0, 0, 0, 0, 0, 0, 0, 0]",8,6.513717084017117
singular2,250,250,4,1.2850862075780034,"c=1,d=0.1",watanabe,4,1000,4000,0.0,0,0,"[0, 0, 0, 0, 0, 0, 0, 0]",10,9.38321195798926
regular,50,50,0,1.374131050483722,"c=1,d=1",watanabe,4,1000,4000,0.0,0,0,"[0, 0, 0, 0, 0, 0, 0, 0]",7,10.1402876250213
regular,250,250,0,1.3976980014114464,"c=1,d=1",watanabe,4,1000,4000,0.0,0,0,"[0, 0, 0, 0, 0, 0, 0, 0]",5,6.6217969579738565
regular,50,50,1,1.9075513118854133,"c=1,d=0.1",watanabe,4,1000,4000,0.0,0,0,"[0, 0, 0, 0, 0, 0, 0, 0]",7,4.157493083970621
e-singular,50,50,1,1.0073689496944656,"c=1,d=0.1",watanabe,4,1000,4000,0.0,0,0,"[0, 0, 0, 0, 0, 0, 0, 0]",10,7.339663166028913
regular,250,250,1,1.174668908703899,"c=1,d=0.1",watanabe,4,1000,4000,0.0,0,0,"[0, 0, 0, 0, 0, 0, 0, 0]",6,4.880364375014324
e-singular,250,250,1,0.938580423531338,"c=1,d=0.1",watanabe,4,1000,4000,0.0,0,0,"[0, 0, 0, 0, 0, 0, 0, 0]",10,7.340723291970789
regular,50,50,1,1.4928748227503568,"c=1,d=1",watanabe,4,1000,4000,0.0,0,0,"[0, 0, 0, 0, 0, 0, 0, 0]",7,4.056854541995563
e-singular,50,50,1,1.085150497221886,"c=1,d=1",watanabe,4,1000,4000,0.0,0,0,"[0, 0, 0, 0, 0, 0, 0, 0]",10,7.438715374970343
regular,250,250,1,1.388547455050479,"c=1,d=1",watanabe,4,1000,4000,0.0,0,0,"[0, 0, 0, 0, 0, 0, 0, 0]",5,5.0113843330182135
e-singular,250,250,1,1.6662020025114457,"c=1,d=1",watanabe,4,1000,4000,0.0,0,0,"[0, 0, 0, 0, 0, 0, 0, 0]",9,7.592062582960352
regular,50,50,2,0.8592374452492425,"c=1,d=0.1",watanabe,4,1000,4000,0.0,0,0,"[0, 0, 0, 0, 0, 0, 0, 0]",6,4.4344851250061765
e-singular,50,50,2,0.9406318774949236,"c=1,d=0.1",watanabe,4,1000,4000,0.0,0,0,"[0, 0, 0, 0, 0, 0, 0, 0]",9,6.891743917018175
regular,250,250,2,1.7155078999474271,"c=1,d=0.1",watanabe,4,1000,4000,0.0,0,0,"[0, 0, 0, 0, 0, 0, 0, 0]",5,4.895877082948573
e-singular,250,250,2,2.654936587070848,"c=1,d=0.1",watanabe,4,1000,4000,0.0,0,0,"[0, 0, 0, 0, 0, 0, 0, 0]",9,9.716985834005754
regular,50,50,2,1.5950914461080208,"c=1,d=1",watanabe,4,1000,4000,0.0,0,0,"[0, 0, 0, 0, 0, 0, 0, 0]",6,4.006271624995861
e-singular,50,50,2,1.1566671252468568,"c=1,d=1",watanabe,4,1000,4000,0.0,0,0,"[0, 0, 0, 0, 0, 0, 0, 0]",9,6.995369917014614
regular,250,250,2,1.4340613690014004,"c=1,d=1",watanabe,4,1000,4000,0.0,0,0,"[0, 0, 0, 0, 0, 0, 0, 0]",8,4.815258999995422
e-singular,250,250,2,1.5202411984911948,"c=1,d=1",watanabe,4,1000,4000,0.0,0,0,"[0, 0, 0, 0, 0, 0, 0, 0]",10,7.974492250010371
regular,5000,5000,2,1.5877312326092856,"c=1,d=1",watanabe,4,1000,4000,0.0,0,0,"[0, 0, 0, 0, 0, 0, 0, 0]",7,35.496526166039985
regular,50,50,3,1.3494897689810006,"c=1,d=0.1",watanabe,4,1000,4000,0.0,0,0,"[0, 0, 0, 0, 0, 0, 0, 0]",7,4.038260583009105
e-singular,50,50,3,1.693646909122514,"c=1,d=0.1",watanabe,4,1000,4000,0.0,0,0,"[0, 0, 0, 0, 0, 0, 0, 0]",9,7.700911541993264
regular,250,250,3,1.6543835628662706,"c=1,d=0.1",watanabe,4,1000,4000,0.0,0,0,"[0, 0, 0, 0, 0, 0, 0, 0]",7,5.390520458982792
e-singular,250,250,3,1.8240900855858688,"c=1,d=0.1",watanabe,4,1000,4000,0.0,0,0,"[0, 0, 0, 0, 0, 0, 0, 0]",9,7.8091646659886464
singular1,250,250,3,0.1583936104803574,"c=1,d=0.1",watanabe,4,1000,4000,0.0,0,0,"[0, 0, 0, 0, 0, 0, 0, 0]",10,13.363677459012251
regular,5000,5000,3,1.4257369699083395,"c=1,d=0.1",watanabe,4,1000,4000,0.0,0,0,"[0, 0, 0, 0, 0, 0, 0, 0]",5,34.88377004198264
e-singular,5000,5000,3,2.400780772487317,"c=1,d=0.1",watanabe,4,1000,4000,0.0,0,0,"[0, 0, 0, 0, 0, 0, 0, 0]",7,61.00231349997921
regular,50,50,3,1.3856387329789903,"c=1,d=1",watanabe,4,1000,4000,0.0,0,0,"[0, 0, 0, 0, 0, 0, 0, 0]",7,6.380798291997053
e-singular,50,50,3,1.524788119204632,"c=1,d=1",watanabe,4,1000,4000,0.0,0,0,"[0, 0, 0, 0, 0, 0, 0, 0]",10,7.740017417003401
singular1,50,50,3,1.165364099704104,"c=1,d=1",watanabe,4,1000,4000,0.0,0,0,"[0, 0, 0, 0, 0, 0, 0, 0]",10,9.438159666955473
regular,250,250,3,1.5177847595561795,"c=1,d=1",watanabe,4,1000,4000,0.0,0,0,"[0, 0, 0, 0, 0, 0, 0, 0]",5,6.597021292021964
e-singular,250,250,3,1.6502201975373552,"c=1,d=1",watanabe,4,1000,4000,0.0,0,0,"[0, 0, 0, 0, 0, 0, 0, 0]",9,8.406228124978952
singular1,250,250,3,0.9896724309695238,"c=1,d=1",watanabe,4,1000,4000,0.0,0,0,"[0, 0, 0, 0, 0, 0, 0, 0]",10,17.449131041008513
regular,5000,5000,3,1.3930671716943066,"c=1,d=1",watanabe,4,1000,4000,0.0,0,0,"[0, 0, 0, 0, 0, 0, 0, 0]",7,36.23294541699579
e-singular,5000,5000,3,1.5442257475812995,"c=1,d=1",watanabe,4,1000,4000,0.0,0,0,"[0, 0, 0, 0, 0, 0, 0, 0]",7,48.02528662496479
regular,50,50,4,1.5677074704349063,"c=1,d=0.1",watanabe,4,1000,4000,0.0,0,0,"[0, 0, 0, 0, 0, 0, 0, 0]",5,4.480094083992299
e-singular,50,50,4,1.436233946786157,"c=1,d=0.1",watanabe,4,1000,4000,0.0,0,0,"[0, 0, 0, 0, 0, 0, 0, 0]",9,7.480731957999524
singular1,50,50,4,1.643634134507061,"c=1,d=0.1",watanabe,4,1000,4000,0.0,0,0,"[0, 0, 0, 0, 0, 0, 0, 0]",10,7.851737332995981
regular,250,250,4,1.9270307285317865,"c=1,d=0.1",watanabe,4,1000,4000,0.0,0,0,"[0, 0, 0, 0, 0, 0, 0, 0]",6,5.063791666005272
e-singular,250,250,4,1.019037068337982,"c=1,d=0.1",watanabe,4,1000,4000,0.0,0,0,"[0, 0, 0, 0, 0, 0, 0, 0]",10,10.110244084033184
singular1,250,250,4,0.1562491022289513,"c=1,d=0.1",watanabe,4,1000,4000,0.0,0,0,"[0, 0, 0, 0, 0, 0, 0, 0]",10,13.917094083037227
regular,5000,5000,4,1.371782415879527,"c=1,d=0.1",watanabe,4,1000,4000,0.0,0,0,"[0, 0, 0, 0, 0, 0, 0, 0]",8,29.47767279099208
e-singular,5000,5000,4,0.6276427934110753,"c=1,d=0.1",watanabe,4,1000,4000,0.0,0,0,"[0, 0, 0, 0, 0, 0, 0, 0]",7,47.972312375030015
singular1,5000,5000,4,1.2248001886352493,"c=1,d=0.1",watanabe,4,1000,4000,0.0,0,0,"[0, 0, 0, 0, 0, 0, 0, 0]",10,209.66636070801167
singular2,5000,5000,4,0.419340885754574,"c=1,d=0.1",watanabe,4,1000,4000,0.0,0,0,"[0, 0, 0, 0, 0, 0, 0, 0]",10,168.03104425000492
regular,50,50,4,1.3327911847310745,"c=1,d=1",watanabe,4,1000,4000,0.0,0,0,"[0, 0, 0, 0, 0, 0, 0, 0]",5,4.537229750014376
e-singular,50,50,4,1.2483949483024763,"c=1,d=1",watanabe,4,1000,4000,0.0,0,0,"[0, 0, 0, 0, 0, 0, 0, 0]",9,7.238516875018831
singular1,50,50,4,1.1292266234333557,"c=1,d=1",watanabe,4,1000,4000,0.0,0,0,"[0, 0, 0, 0, 0, 0, 0, 0]",9,7.964043250016402
singular2,50,50,4,1.040598927332679,"c=1,d=1",watanabe,4,1000,4000,0.0,0,0,"[0, 0, 0, 0, 0, 0, 0, 0]",9,6.050911209022161
regular,250,250,4,1.4586939312309368,"c=1,d=1",watanabe,4,1000,4000,0.0,0,0,"[0, 0, 0, 0, 0, 0, 0, 0]",5,5.048487916996237
e-singular,250,250,4,1.4536752598344314,"c=1,d=1",watanabe,4,1000,4000,0.0,0,0,"[0, 0, 0, 0, 0, 0, 0, 0]",9,8.735658709018026
singular1,250,250,4,0.9472327151301744,"c=1,d=1",watanabe,4,1000,4000,0.0,0,0,"[0, 0, 0, 0, 0, 0, 0, 0]",10,16.36020679201465
singular2,250,250,4,1.0034173801966666,"c=1,d=1",watanabe,4,1000,4000,0.0,0,0,"[0, 0, 0, 0, 0, 0, 0, 0]",10,9.773750708031002
regular,5000,5000,4,1.5070474634467603,"c=1,d=1",watanabe,4,1000,4000,0.0,0,0,"[0, 0, 0, 0, 0, 0, 0, 0]",8,28.84053295798367
e-singular,5000,5000,4,1.5551981304442404,"c=1,d=1",watanabe,4,1000,4000,0.0,0,0,"[0, 0, 0, 0, 0, 0, 0, 0]",7,44.988939374976326
singular1,5000,5000,4,0.8609513825049738,"c=1,d=1",watanabe,4,1000,4000,0.0,0,0,"[0, 0, 0, 0, 0, 0, 0, 0]",10,175.71821154200006
singular2,5000,5000,4,0.845994102469482,"c=1,d=1",watanabe,4,1000,4000,0.0,0,0,"[0, 0, 0, 0, 0, 0, 0, 0]",10,182.02570662501967
regular,50,50,5,1.6324722942360603,"c=1,d=0.1",watanabe,4,1000,4000,0.0,0,0,"[0, 0, 0, 0, 0, 0, 0, 0]",6,7.656231917033438
e-singular,50,50,5,1.103847161000257,"c=1,d=0.1",watanabe,4,1000,4000,0.0,0,0,"[0, 0, 0, 0, 0, 0, 0, 0]",9,6.058879333024379
singular1,50,50,5,1.2910099163599045,"c=1,d=0.1",watanabe,4,1000,4000,0.0,0,0,"[0, 0, 0, 0, 0, 0, 0, 0]",10,7.809414291987196
singular2,50,50,5,1.6889379327917502,"c=1,d=0.1",watanabe,4,1000,4000,0.0,0,0,"[0, 0, 0, 0, 0, 0, 0, 0]",9,6.0286332499817945
regular,250,250,5,1.438456230421414,"c=1,d=0.1",watanabe,4,1000,4000,0.0,0,0,"[0, 0, 0, 0, 0, 0, 0, 0]",7,5.633191041008104
e-singular,250,250,5,0.6886062489937087,"c=1,d=0.1",watanabe,4,1000,4000,0.0,0,0,"[0, 0, 0, 0, 0, 0, 0, 0]",10,10.831147917022465
singular1,250,250,5,1.050062729967624,"c=1,d=0.1",watanabe,4,1000,4000,0.0,0,0,"[0, 0, 0, 0, 0, 0, 0, 0]",10,14.362366957997438
singular2,250,250,5,1.0073516841559798,"c=1,d=0.1",watanabe,4,1000,4000,0.0,0,0,"[0, 0, 0, 0, 0, 0, 0, 0]",10,10.033908082987182
regular,5000,5000,5,1.6030460866386562,"c=1,d=0.1",watanabe,4,1000,4000,0.0,0,0,"[0, 0, 0, 0, 0, 0, 0, 0]",8,31.68098512501456
e-singular,5000,5000,5,2.402651674779517,"c=1,d=0.1",watanabe,4,1000,4000,0.0,0,0,"[0, 0, 0, 0, 0, 0, 0, 0]",7,43.21273958298843
singular1,5000,5000,5,0.728255581497529,"c=1,d=0.1",watanabe,4,1000,4000,0.0,0,0,"[0, 0, 0, 0, 0, 0, 0, 0]",10,152.7429717920022
singular2,5000,5000,5,0.3212664046121449,"c=1,d=0.1",watanabe,4,1000,4000,0.0,0,0,"[0, 0, 0, 0, 0, 0, 0, 0]",10,157.26602325000567
regular,50,50,5,1.362493134812044,"c=1,d=1",watanabe,4,1000,4000,0.0,0,0,"[0, 0, 0, 0, 0, 0, 0, 0]",7,4.489849583012983
e-singular,50,50,5,1.4647006887166956,"c=1,d=1",watanabe,4,1000,4000,0.0,0,0,"[0, 0, 0, 0, 0, 0, 0, 0]",9,8.54578979202779
singular1,50,50,5,1.1431759511250086,"c=1,d=1",watanabe,4,1000,4000,0.0,0,0,"[0, 0, 0, 0, 0, 0, 0, 0]",10,8.861858125019353
singular2,50,50,5,1.0798037360889816,"c=1,d=1",watanabe,4,1000,4000,0.0,0,0,"[0, 0, 0, 0, 0, 0, 0, 0]",9,6.50258045794908
regular,250,250,5,1.466477961441562,"c=1,d=1",watanabe,4,1000,4000,0.0,0,0,"[0, 0, 0, 0, 0, 0, 0, 0]",7,5.0237400000332855
e-singular,250,250,5,0.9994749345783884,"c=1,d=1",watanabe,4,1000,4000,0.0,0,0,"[0, 0, 0, 0, 0, 0, 0, 0]",10,11.109029207960702
singular1,250,250,5,1.0251685969083346,"c=1,d=1",watanabe,4,1000,4000,0.0,0,0,"[0, 0, 0, 0, 0, 0, 0, 0]",10,13.70552229200257
singular2,250,250,5,0.9709383749774162,"c=1,d=1",watanabe,4,1000,4000,0.0,0,0,"[0, 0, 0, 0, 0, 0, 0, 0]",10,9.905348083004355
regular,5000,5000,5,1.44343726556135,"c=1,d=1",watanabe,4,1000,4000,0.0,0,0,"[0, 0, 0, 0, 0, 0, 0, 0]",5,30.964019124978226
e-singular,5000,5000,5,1.503302714436581,"c=1,d=1",watanabe,4,1000,4000,0.0,0,0,"[0, 0, 0, 0, 0, 0, 0, 0]",7,50.44813624996459
singular1,5000,5000,5,0.8149489005151985,"c=1,d=1",watanabe,4,1000,4000,0.0,0,0,"[0, 0, 0, 0, 0, 0, 0, 0]",10,168.39691495895386
singular2,5000,5000,5,0.8067879138649111,"c=1,d=1",watanabe,4,1000,4000,0.0,0,0,"[0, 0, 0, 0, 0, 0, 0, 0]",10,146.0314004169777
regular,50,50,6,0.9295516938649449,"c=1,d=0.1",watanabe,4,1000,4000,0.0,0,0,"[0, 0, 0, 0, 0, 0, 0, 0]",7,4.280082291050348
e-singular,50,50,6,1.0675562998836745,"c=1,d=0.1",watanabe,4,1000,4000,0.0,0,0,"[0, 0, 0, 0, 0, 0, 0, 0]",9,7.376605292025488
singular1,50,50,6,1.443180259038653,"c=1,d=0.1",watanabe,4,1000,4000,0.0,0,0,"[0, 0, 0, 0, 0, 0, 0, 0]",10,8.334831750020385
singular2,50,50,6,0.8318649463879387,"c=1,d=0.1",watanabe,4,1000,4000,0.0,0,0,"[0, 0, 0, 0, 0, 0, 0, 0]",9,6.316308417008258
regular,250,250,6,2.324813712743236,"c=1,d=0.1",watanabe,4,1000,4000,0.0,0,0,"[0, 0, 0, 0, 0, 0, 0, 0]",6,4.94265224999981
e-singular,250,250,6,1.7018396224136891,"c=1,d=0.1",watanabe,4,1000,4000,0.0,0,0,"[0, 0, 0, 0, 0, 0, 0, 0]",10,13.37085708300583
singular1,250,250,6,1.5349182315017538,"c=1,d=0.1",watanabe,4,1000,4000,0.0,0,0,"[0, 0, 0, 0, 0, 0, 0, 0]",10,13.776443792041391
singular2,250,250,6,0.6657221943971043,"c=1,d=0.1",watanabe,4,1000,4000,0.0,0,0,"[0, 0, 0, 0, 0, 0, 0, 0]",10,9.999716292019002
regular,5000,5000,6,1.0945960903448582,"c=1,d=0.1",watanabe,4,1000,4000,0.0,0,0,"[0, 0, 0, 0, 0, 0, 0, 0]",5,29.34786729200277
e-singular,5000,5000,6,1.4775139005829716,"c=1,d=0.1",watanabe,4,1000,4000,0.0,0,0,"[0, 0, 0, 0, 0, 0, 0, 0]",7,45.0400301659829
singular1,5000,5000,6,1.3240870442188033,"c=1,d=0.1",watanabe,4,1000,4000,0.0,0,0,"[0, 0, 0, 0, 0, 0, 0, 0]",10,182.62001625000264
singular2,5000,5000,6,0.0208976025652109,"c=1,d=0.1",watanabe,4,1000,4000,0.0,0,0,"[0, 0, 0, 0, 0, 0, 0, 0]",10,144.47204674995737
regular,50,50,6,1.4609762326678126,"c=1,d=1",watanabe,4,1000,4000,0.0,0,0,"[0, 0, 0, 0, 0, 0, 0, 0]",7,4.281207000021823
e-singular,50,50,6,1.023639603795211,"c=1,d=1",watanabe,4,1000,4000,0.0,0,0,"[0, 0, 0, 0, 0, 0, 0, 0]",9,9.225606957974378
singular1,50,50,6,1.2577917801480882,"c=1,d=1",watanabe,4,1000,4000,0.0,0,0,"[0, 0, 0, 0, 0, 0, 0, 0]",10,8.654552958032582
singular2,50,50,6,0.9217181487913052,"c=1,d=1",watanabe,4,1000,4000,0.0,0,0,"[0, 0, 0, 0, 0, 0, 0, 0]",9,6.598393624997698
regular,250,250,6,1.5095166674071177,"c=1,d=1",watanabe,4,1000,4000,0.0,0,0,"[0, 0, 0, 0, 0, 0, 0, 0]",5,4.881477207993157
e-singular,250,250,6,1.808215484464352,"c=1,d=1",watanabe,4,1000,4000,0.0,0,0,"[0, 0, 0, 0, 0, 0, 0, 0]",9,8.31397175003076
singular1,250,250,6,0.9773328248577176,"c=1,d=1",watanabe,4,1000,4000,0.0,0,0,"[0, 0, 0, 0, 0, 0, 0, 0]",10,13.159024416003376
singular2,250,250,6,1.0648837707270262,"c=1,d=1",watanabe,4,1000,4000,0.0,0,0,"[0, 0, 0, 0, 0, 0, 0, 0]",10,9.854066250030884
regular,5000,5000,6,1.6337589932545966,"c=1,d=1",watanabe,4,1000,4000,0.0,0,0,"[0, 0, 0, 0, 0, 0, 0, 0]",5,29.34266316698632
e-singular,5000,5000,6,1.3682659517837934,"c=1,d=1",watanabe,4,1000,4000,0.0,0,0,"[0, 0, 0, 0, 0, 0, 0, 0]",8,44.70563870796468
singular1,5000,5000,6,0.7702219610653926,"c=1,d=1",watanabe,4,1000,4000,0.0,0,0,"[0, 0, 0, 0, 0, 0, 0, 0]",10,195.30571912496816
singular2,5000,5000,6,0.7240242617045062,"c=1,d=1",watanabe,4,1000,4000,0.0,0,0,"[0, 0, 0, 0, 0, 0, 0, 0]",10,186.4609595410293
regular,50,50,7,1.9792000310789348,"c=1,d=0.1",watanabe,4,1000,4000,0.0,0,0,"[0, 0, 0, 0, 0, 0, 0, 0]",6,5.946956666011829
e-singular,50,50,7,0.6992817410052273,"c=1,d=0.1",watanabe,4,1000,4000,0.0,0,0,"[0, 0, 0, 0, 0, 0, 0, 0]",10,7.342444666021038
singular1,50,50,7,1.0412653559910716,"c=1,d=0.1",watanabe,4,1000,4000,0.0,0,0,"[0, 0, 0, 0, 0, 0, 0, 0]",10,10.26688445796026
singular2,50,50,7,1.2716466161025854,"c=1,d=0.1",watanabe,4,1000,4000,0.0,0,0,"[0, 0, 0, 0, 0, 0, 0, 0]",9,7.00582616601605
regular,250,250,7,1.2237719066773318,"c=1,d=0.1",watanabe,4,1000,4000,0.0,0,0,"[0, 0, 0, 0, 0, 0, 0, 0]",5,6.6404929170385
e-singular,250,250,7,2.6267889540236142,"c=1,d=0.1",watanabe,4,1000,4000,0.0,0,0,"[0, 0, 0, 0, 0, 0, 0, 0]",9,7.732754042022861
singular1,250,250,7,0.6950322620726372,"c=1,d=0.1",watanabe,4,1000,4000,0.0,0,0,"[0, 0, 0, 0, 0, 0, 0, 0]",10,13.163851417019032
singular2,250,250,7,0.4773557735978518,"c=1,d=0.1",watanabe,4,1000,4000,0.0,0,0,"[0, 0, 0, 0, 0, 0, 0, 0]",9,9.238731792022008
regular,5000,5000,7,1.4587951179192564,"c=1,d=0.1",watanabe,4,1000,4000,0.0,0,0,"[0, 0, 0, 0, 0, 0, 0, 0]",5,31.5107769999886
e-singular,5000,5000,7,0.9148012961394024,"c=1,d=0.1",watanabe,4,1000,4000,0.0,0,0,"[0, 0, 0, 0, 0, 0, 0, 0]",7,47.76198095799191
singular1,5000,5000,7,0.9683895940721576,"c=1,d=0.1",watanabe,4,1000,4000,0.0,0,0,"[0, 0, 0, 0, 0, 0, 0, 0]",10,179.66567183297593
singular2,5000,5000,7,0.4159144561727793,"c=1,d=0.1",watanabe,4,1000,4000,0.0,0,0,"[0, 0, 0, 0, 0, 0, 0, 0]",10,170.7136940829805
regular,50,50,7,1.302098072046434,"c=1,d=1",watanabe,4,1000,4000,0.0,0,0,"[0, 0, 0, 0, 0, 0, 0, 0]",7,4.275857499975245
e-singular,50,50,7,1.0884935148302597,"c=1,d=1",watanabe,4,1000,4000,0.0,0,0,"[0, 0, 0, 0, 0, 0, 0, 0]",9,6.657776667037979
singular1,50,50,7,1.1736441078925997,"c=1,d=1",watanabe,4,1000,4000,0.0,0,0,"[0, 0, 0, 0, 0, 0, 0, 0]",10,8.698551375011448
singular2,50,50,7,0.8420833030973918,"c=1,d=1",watanabe,4,1000,4000,0.0,0,0,"[0, 0, 0, 0, 0, 0, 0, 0]",9,7.183216625009663
regular,250,250,7,1.5184708328924923,"c=1,d=1",watanabe,4,1000,4000,0.0,0,0,"[0, 0, 0, 0, 0, 0, 0, 0]",7,5.451235332991928
e-singular,250,250,7,1.7869639077138548,"c=1,d=1",watanabe,4,1000,4000,0.0,0,0,"[0, 0, 0, 0, 0, 0, 0, 0]",9,7.315204540966079
singular1,250,250,7,1.0314162565074312,"c=1,d=1",watanabe,4,1000,4000,0.0,0,0,"[0, 0, 0, 0, 0, 0, 0, 0]",10,12.735085582942702
singular2,250,250,7,0.9287114530835856,"c=1,d=1",watanabe,4,1000,4000,0.0,0,0,"[0, 0, 0, 0, 0, 0, 0, 0]",10,11.45497904199874
regular,5000,5000,7,1.5701489061595089,"c=1,d=1",watanabe,4,1000,4000,0.0,0,0,"[0, 0, 0, 0, 0, 0, 0, 0]",6,36.118737415992655
e-singular,5000,5000,7,1.54197806347597,"c=1,d=1",watanabe,4,1000,4000,0.0,0,0,"[0, 0, 0, 0, 0, 0, 0, 0]",7,45.8306474579731
singular1,5000,5000,7,0.8264534817229994,"c=1,d=1",watanabe,4,1000,4000,0.0,0,0,"[0, 0, 0, 0, 0, 0, 0, 0]",10,206.1295212500263
singular2,5000,5000,7,0.8668786403801683,"c=1,d=1",watanabe,4,1000,4000,0.0,0,0,"[0, 0, 0, 0, 0, 0, 0, 0]",10,145.9384267500136
regular,50,50,8,1.3979883389024368,"c=1,d=0.1",watanabe,4,1000,4000,0.0,0,0,"[0, 0, 0, 0, 0, 0, 0, 0]",7,4.356547000003047
e-singular,50,50,8,2.885254463228115,"c=1,d=0.1",watanabe,4,1000,4000,0.0,0,0,"[0, 0, 0, 0, 0, 0, 0, 0]",8,5.894778083020356
singular1,50,50,8,0.8220710548643141,"c=1,d=0.1",watanabe,4,1000,4000,0.0,0,0,"[0, 0, 0, 0, 0, 0, 0, 0]",10,7.976899874978699
singular2,50,50,8,0.9936417143121964,"c=1,d=0.1",watanabe,4,1000,4000,0.0,0,0,"[0, 0, 0, 0, 0, 0, 0, 0]",9,7.88122562499484
regular,250,250,8,1.941284414379188,"c=1,d=0.1",watanabe,4,1000,4000,0.0,0,0,"[0, 0, 0, 0, 0, 0, 0, 0]",5,5.4800322920200415
e-singular,250,250,8,2.1345494469329083,"c=1,d=0.1",watanabe,4,1000,4000,0.0,0,0,"[0, 0, 0, 0, 0, 0, 0, 0]",9,8.725609874993097
singular1,250,250,8,1.264662348139298,"c=1,d=0.1",watanabe,4,1000,4000,0.0,0,0,"[0, 0, 0, 0, 0, 0, 0, 0]",10,14.337331791990437
singular2,250,250,8,1.720351491167246,"c=1,d=0.1",watanabe,4,1000,4000,0.0,0,0,"[0, 0, 0, 0, 0, 0, 0, 0]",9,9.156323749979492
regular,5000,5000,8,1.7695175003089842,"c=1,d=0.1",watanabe,4,1000,4000,0.0,0,0,"[0, 0, 0, 0, 0, 0, 0, 0]",7,37.13139112497447
e-singular,5000,5000,8,0.6239012111182839,"c=1,d=0.1",watanabe,4,1000,4000,0.0,0,0,"[0, 0, 0, 0, 0, 0, 0, 0]",7,45.54000133299269
singular1,5000,5000,8,1.1167409020482482,"c=1,d=0.1",watanabe,4,1000,4000,0.0,0,0,"[0, 0, 0, 0, 0, 0, 0, 0]",10,221.1750900000333
singular2,5000,5000,8,1.521894834646484,"c=1,d=0.1",watanabe,4,1000,4000,0.0,0,0,"[0, 0, 0, 0, 0, 0, 0, 0]",10,141.30819266696926
regular,50,50,8,1.4317406781116322,"c=1,d=1",watanabe,4,1000,4000,0.0,0,0,"[0, 0, 0, 0, 0, 0, 0, 0]",8,5.675714041979518
e-singular,50,50,8,2.0469309668737403,"c=1,d=1",watanabe,4,1000,4000,0.0,0,0,"[0, 0, 0, 0, 0, 0, 0, 0]",8,5.718397707969416
singular1,50,50,8,1.1037677056885693,"c=1,d=1",watanabe,4,1000,4000,0.0,0,0,"[0, 0, 0, 0, 0, 0, 0, 0]",10,9.865428958029952
singular2,50,50,8,0.9398812134085968,"c=1,d=1",watanabe,4,1000,4000,0.0,0,0,"[0, 0, 0, 0, 0, 0, 0, 0]",10,8.970320708991494
regular,250,250,8,1.4498434405204854,"c=1,d=1",watanabe,4,1000,4000,0.0,0,0,"[0, 0, 0, 0, 0, 0, 0, 0]",5,5.753551916975994
e-singular,250,250,8,1.6526734062779358,"c=1,d=1",watanabe,4,1000,4000,0.0,0,0,"[0, 0, 0, 0, 0, 0, 0, 0]",9,8.872939875000156
singular1,250,250,8,1.0928982768453028,"c=1,d=1",watanabe,4,1000,4000,0.0,0,0,"[0, 0, 0, 0, 0, 0, 0, 0]",10,15.194029667007271
singular2,250,250,8,0.9528072310716262,"c=1,d=1",watanabe,4,1000,4000,0.0,0,0,"[0, 0, 0, 0, 0, 0, 0, 0]",10,10.68365704198368
regular,5000,5000,8,1.429210505884969,"c=1,d=1",watanabe,4,1000,4000,0.0,0,0,"[0, 0, 0, 0, 0, 0, 0, 0]",7,31.62758966698312
e-singular,5000,5000,8,1.3766230219978233,"c=1,d=1",watanabe,4,1000,4000,0.0,0,0,"[0, 0, 0, 0, 0, 0, 0, 0]",7,50.49847345799208
singular1,5000,5000,8,0.8210065927502234,"c=1,d=1",watanabe,4,1000,4000,0.0,0,0,"[0, 0, 0, 0, 0, 0, 0, 0]",10,254.74810620897915
singular2,5000,5000,8,1.056484856584346,"c=1,d=1",watanabe,4,1000,4000,0.0,0,0,"[0, 0, 0, 0, 0, 0, 0, 0]",10,181.6903704170254
regular,50,50,9,2.016361366647595,"c=1,d=0.1",watanabe,4,1000,4000,0.0,0,0,"[0, 0, 0, 0, 0, 0, 0, 0]",8,4.9477771249949
e-singular,50,50,9,0.9465605802350932,"c=1,d=0.1",watanabe,4,1000,4000,0.0,0,0,"[0, 0, 0, 0, 0, 0, 0, 0]",9,8.208234833029564
singular1,50,50,9,0.845055949311591,"c=1,d=0.1",watanabe,4,1000,4000,0.0,0,0,"[0, 0, 0, 0, 0, 0, 0, 0]",10,10.32300191698596
singular2,50,50,9,1.3068786591735082,"c=1,d=0.1",watanabe,4,1000,4000,0.0,0,0,"[0, 0, 0, 0, 0, 0, 0, 0]",9,7.319996541016735
regular,250,250,9,0.5775477458350514,"c=1,d=0.1",watanabe,4,1000,4000,0.0,0,0,"[0, 0, 0, 0, 0, 0, 0, 0]",8,5.298726374981925
e-singular,250,250,9,1.5549030531606858,"c=1,d=0.1",watanabe,4,1000,4000,0.0,0,0,"[0, 0, 0, 0, 0, 0, 0, 0]",10,8.264789750042837
singular1,250,250,9,0.9607999205311998,"c=1,d=0.1",watanabe,4,1000,4000,0.0,0,0,"[0, 0, 0, 0, 0, 0, 0, 0]",10,14.793923166987952
singular2,250,250,9,1.2740272988649346,"c=1,d=0.1",watanabe,4,1000,4000,0.0,0,0,"[0, 0, 0, 0, 0, 0, 0, 0]",10,10.28901979199145
regular,5000,5000,9,1.5412047616239437,"c=1,d=0.1",watanabe,4,1000,4000,0.0,0,0,"[0, 0, 0, 0, 0, 0, 0, 0]",7,33.512836541980505
e-singular,5000,5000,9,1.9029409229351093,"c=1,d=0.1",watanabe,4,1000,4000,0.0,0,0,"[0, 0, 0, 0, 0, 0, 0, 0]",7,46.96608895901591
singular1,5000,5000,9,0.943938749311264,"c=1,d=0.1",watanabe,4,1000,4000,0.0,0,0,"[0, 0, 0, 0, 0, 0, 0, 0]",10,136.8506364999921
singular2,5000,5000,9,1.3361265560451436,"c=1,d=0.1",watanabe,4,1000,4000,0.0,0,0,"[0, 0, 0, 0, 0, 0, 0, 0]",10,145.51872062502662
regular,50,50,9,1.4598486504817216,"c=1,d=1",watanabe,4,1000,4000,0.0,0,0,"[0, 0, 0, 0, 0, 0, 0, 0]",7,5.624530541012064
e-singular,50,50,9,1.1861984093054494,"c=1,d=1",watanabe,4,1000,4000,0.0,0,0,"[0, 0, 0, 0, 0, 0, 0, 0]",9,7.428891542018391
singular1,50,50,9,0.9914321881698496,"c=1,d=1",watanabe,4,1000,4000,0.0,0,0,"[0, 0, 0, 0, 0, 0, 0, 0]",10,8.808058958966285
singular2,50,50,9,0.9453551887782524,"c=1,d=1",watanabe,4,1000,4000,0.0,0,0,"[0, 0, 0, 0, 0, 0, 0, 0]",9,8.030795584025327
regular,250,250,9,1.4579298041129969,"c=1,d=1",watanabe,4,1000,4000,0.0,0,0,"[0, 0, 0, 0, 0, 0, 0, 0]",8,5.520769166992977
e-singular,250,250,9,1.6101127690954062,"c=1,d=1",watanabe,4,1000,4000,0.0,0,0,"[0, 0, 0, 0, 0, 0, 0, 0]",9,7.996311000024434
singular1,250,250,9,1.100038110677244,"c=1,d=1",watanabe,4,1000,4000,0.0,0,0,"[0, 0, 0, 0, 0, 0, 0, 0]",10,15.284359792014584
singular2,250,250,9,0.8888266853944792,"c=1,d=1",watanabe,4,1000,4000,0.0,0,0,"[0, 0, 0, 0, 0, 0, 0, 0]",10,11.071805541985668
regular,5000,5000,9,1.4348149011244749,"c=1,d=1",watanabe,4,1000,4000,0.0,0,0,"[0, 0, 0, 0, 0, 0, 0, 0]",7,32.7190484169987
e-singular,5000,5000,9,1.5250751681477603,"c=1,d=1",watanabe,4,1000,4000,0.0,0,0,"[0, 0, 0, 0, 0, 0, 0, 0]",7,45.902849667007104
singular1,5000,5000,9,0.6501216797292155,"c=1,d=1",watanabe,4,1000,4000,0.0,0,0,"[0, 0, 0, 0, 0, 0, 0, 0]",10,156.39062229095725
singular2,5000,5000,9,0.863645250744612,"c=1,d=1",watanabe,4,1000,4000,0.0,0,0,"[0, 0, 0, 0, 0, 0, 0, 0]",10,160.9691354999668
regular,50,50,10,1.5598428009548166,"c=1,d=0.1",watanabe,4,1000,4000,0.0,0,0,"[0, 0, 0, 0, 0, 0, 0, 0]",6,4.638697458023671
e-singular,50,50,10,1.154993924050846,"c=1,d=0.1",watanabe,4,1000,4000,0.0,0,0,"[0, 0, 0, 0, 0, 0, 0, 0]",9,8.347755458031315
singular1,50,50,10,1.0154722518030448,"c=1,d=0.1",watanabe,4,1000,4000,0.0,0,0,"[0, 0, 0, 0, 0, 0, 0, 0]",10,19.75790450000204
singular2,50,50,10,1.2330447233512718,"c=1,d=0.1",watanabe,4,1000,4000,0.0,0,0,"[0, 0, 0, 0, 0, 0, 0, 0]",9,6.405362958961632
regular,250,250,10,1.5055916439358263,"c=1,d=0.1",watanabe,4,1000,4000,0.0,0,0,"[0, 0, 0, 0, 0, 0, 0, 0]",6,6.5347962499945424
e-singular,250,250,10,1.8288915972337016,"c=1,d=0.1",watanabe,4,1000,4000,0.0,0,0,"[0, 0, 0, 0, 0, 0, 0, 0]",10,9.446860458992887
singular1,250,250,10,0.8532624910032217,"c=1,d=0.1",watanabe,4,1000,4000,0.0,0,0,"[0, 0, 0, 0, 0, 0, 0, 0]",10,15.057513665989973
singular2,250,250,10,0.7498335964211149,"c=1,d=0.1",watanabe,4,1000,4000,0.0,0,0,"[0, 0, 0, 0, 0, 0, 0, 0]",10,11.020882708020508
regular,5000,5000,10,1.865532557238408,"c=1,d=0.1",watanabe,4,1000,4000,0.0,0,0,"[0, 0, 0, 0, 0, 0, 0, 0]",7,33.646223874995485
e-singular,5000,5000,10,1.3982278741177625,"c=1,d=0.1",watanabe,4,1000,4000,0.0,0,0,"[0, 0, 0, 0, 0, 0, 0, 0]",7,45.74881779099815
singular1,5000,5000,10,0.3957201732589444,"c=1,d=0.1",watanabe,4,1000,4000,0.0,0,0,"[0, 0, 0, 0, 0, 0, 0, 0]",10,160.09255687502446
singular2,5000,5000,10,0.9683563783500064,"c=1,d=0.1",watanabe,4,1000,4000,0.0,0,0,"[0, 0, 0, 0, 0, 0, 0, 0]",10,162.14642020798055
regular,50,50,10,1.4812373952339828,"c=1,d=1",watanabe,4,1000,4000,0.0,0,0,"[0, 0, 0, 0, 0, 0, 0, 0]",6,4.479540542000905
e-singular,50,50,10,1.1066294479486103,"c=1,d=1",watanabe,4,1000,4000,0.0,0,0,"[0, 0, 0, 0, 0, 0, 0, 0]",10,7.234263040998485
singular1,50,50,10,1.0648990570818346,"c=1,d=1",watanabe,4,1000,4000,0.0,0,0,"[0, 0, 0, 0, 0, 0, 0, 0]",9,8.18507462501293
singular2,50,50,10,0.9210422818887272,"c=1,d=1",watanabe,4,1000,4000,0.0,0,0,"[0, 0, 0, 0, 0, 0, 0, 0]",9,6.759136624983512
regular,250,250,10,1.465415507247145,"c=1,d=1",watanabe,4,1000,4000,0.0,0,0,"[0, 0, 0, 0, 0, 0, 0, 0]",7,5.208959000010509
e-singular,250,250,10,1.6228237361112103,"c=1,d=1",watanabe,4,1000,4000,0.0,0,0,"[0, 0, 0, 0, 0, 0, 0, 0]",9,8.204308915999718
singular1,250,250,10,1.0488076872559138,"c=1,d=1",watanabe,4,1000,4000,0.0,0,0,"[0, 0, 0, 0, 0, 0, 0, 0]",10,21.742249915958386
singular2,250,250,10,0.8461072885157414,"c=1,d=1",watanabe,4,1000,4000,0.0,0,0,"[0, 0, 0, 0, 0, 0, 0, 0]",10,11.684365375025664
regular,5000,5000,10,1.3992065950003043,"c=1,d=1",watanabe,4,1000,4000,0.0,0,0,"[0, 0, 0, 0, 0, 0, 0, 0]",5,34.24641141697066
e-singular,5000,5000,10,1.455812198185738,"c=1,d=1",watanabe,4,1000,4000,0.0,0,0,"[0, 0, 0, 0, 0, 0, 0, 0]",7,56.60426033299882
singular1,5000,5000,10,0.8504227741452365,"c=1,d=1",watanabe,4,1000,4000,0.0,0,0,"[0, 0, 0, 0, 0, 0, 0, 0]",10,212.41997654101576
singular2,5000,5000,10,0.7431293284034034,"c=1,d=1",watanabe,4,1000,4000,0.0,0,0,"[0, 0, 0, 0, 0, 0, 0, 0]",10,196.811913084006
regular,50,50,11,1.7787200006842867,"c=1,d=0.1",watanabe,4,1000,4000,0.0,0,0,"[0, 0, 0, 0, 0, 0, 0, 0]",5,10.708312475999264
e-singular,50,50,11,0.8533834273485679,"c=1,d=0.1",watanabe,4,1000,4000,0.0,0,0,"[0, 0, 0, 0, 0, 0, 0, 0]",9,9.41118253699824
singular1,50,50,11,1.7544463017895533,"c=1,d=0.1",watanabe,4,1000,4000,0.0,0,0,"[0, 0, 0, 0, 0, 0, 0, 0]",10,11.557427062998611
singular2,50,50,11,0.2572144808464429,"c=1,d=0.1",watanabe,4,1000,4000,0.0,0,0,"[0, 0, 0, 0, 0, 0, 0, 0]",9,9.404717514997174
regular,250,250,11,1.8210937494076207,"c=1,d=0.1",watanabe,4,1000,4000,0.0,0,0,"[0, 0, 0, 0, 0, 0, 0, 0]",8,8.995791084998928
e-singular,250,250,11,2.116336601073122,"c=1,d=0.1",watanabe,4,1000,4000,0.0,0,0,"[0, 0, 0, 0, 0, 0, 0, 0]",10,14.764062825997826
singular1,250,250,11,1.6175721874358884,"c=1,d=0.1",watanabe,4,1000,4000,0.0,0,0,"[0, 0, 0, 0, 0, 0, 0, 0]",10,19.589800189001835
singular2,250,250,11,0.684395255424906,"c=1,d=0.1",watanabe,4,1000,4000,0.0,0,0,"[0, 0, 0, 0, 0, 0, 0, 0]",9,16.74473142900024
regular,5000,5000,11,1.4936211454080872,"c=1,d=0.1",watanabe,4,1000,4000,0.0,0,0,"[0, 0, 0, 0, 0, 0, 0, 0]",7,46.90328768100153
e-singular,5000,5000,11,2.031604881851292,"c=1,d=0.1",watanabe,4,1000,4000,0.0,0,0,"[0, 0, 0, 0, 0, 0, 0, 0]",7,71.5628830789974
singular1,5000,5000,11,0.7721706466020518,"c=1,d=0.1",watanabe,4,1000,4000,0.0,0,0,"[0, 0, 0, 0, 0, 0, 0, 0]",10,268.09706786899915
singular2,5000,5000,11,0.7712947949013382,"c=1,d=0.1",watanabe,4,1000,4000,0.0,0,0,"[0, 0, 0, 0, 0, 0, 0, 0]",10,222.96565874500084
regular,50,50,11,1.4549718222290693,"c=1,d=1",watanabe,4,1000,4000,0.0,0,0,"[0, 0, 0, 0, 0, 0, 0, 0]",7,8.082002441995428
e-singular,50,50,11,1.5031885112923766,"c=1,d=1",watanabe,4,1000,4000,0.0,0,0,"[0, 0, 0, 0, 0, 0, 0, 0]",9,11.209001875002286
singular1,50,50,11,1.0568394672325667,"c=1,d=1",watanabe,4,1000,4000,0.0,0,0,"[0, 0, 0, 0, 0, 0, 0, 0]",10,14.2051014259996
singular2,50,50,11,0.8420097058220091,"c=1,d=1",watanabe,4,1000,4000,0.0,0,0,"[0, 0, 0, 0, 0, 0, 0, 0]",9,11.31942088699725
regular,250,250,11,1.3737560899635806,"c=1,d=1",watanabe,4,1000,4000,0.0,0,0,"[0, 0, 0, 0, 0, 0, 0, 0]",5,10.196921795999517
e-singular,250,250,11,1.6540318510579868,"c=1,d=1",watanabe,4,1000,4000,0.0,0,0,"[0, 0, 0, 0, 0, 0, 0, 0]",9,17.611009619999095
singular1,250,250,11,0.8434603586332768,"c=1,d=1",watanabe,4,1000,4000,0.0,0,0,"[0, 0, 0, 0, 0, 0, 0, 0]",10,25.211195807001783
singular2,250,250,11,0.9726472080985128,"c=1,d=1",watanabe,4,1000,4000,0.0,0,0,"[0, 0, 0, 0, 0, 0, 0, 0]",10,25.856207395001547
regular,5000,5000,11,1.36517371679984,"c=1,d=1",watanabe,4,1000,4000,0.0,0,0,"[0, 0, 0, 0, 0, 0, 0, 0]",5,55.92342827699758
e-singular,5000,5000,11,1.5487500706952484,"c=1,d=1",watanabe,4,1000,4000,0.0,0,0,"[0, 0, 0, 0, 0, 0, 0, 0]",8,74.354244766997
singular1,5000,5000,11,0.8577369181938705,"c=1,d=1",watanabe,4,1000,4000,0.0,0,0,"[0, 0, 0, 0, 0, 0, 0, 0]",10,313.5086351649952
singular2,5000,5000,11,0.7747968472114395,"c=1,d=1",watanabe,4,1000,4000,0.0,0,0,"[0, 0, 0, 0, 0, 0, 0, 0]",10,226.2769649010006
regular,50,50,12,0.9076543516386169,"c=1,d=0.1",watanabe,4,1000,4000,0.0,0,0,"[0, 0, 0, 0, 0, 0, 0, 0]",7,8.347925755995675
e-singular,50,50,12,1.0629857616249967,"c=1,d=0.1",watanabe,4,1000,4000,0.0,0,0,"[0, 0, 0, 0, 0, 0, 0, 0]",9,12.788501558999997
singular1,50,50,12,1.0614657492714334,"c=1,d=0.1",watanabe,4,1000,4000,0.0,0,0,"[0, 0, 0, 0, 0, 0, 0, 0]",10,16.738924803001282
singular2,50,50,12,0.4354204130605333,"c=1,d=0.1",watanabe,4,1000,4000,0.0,0,0,"[0, 0, 0, 0, 0, 0, 0, 0]",9,11.09707739100122
regular,250,250,12,1.253513392761167,"c=1,d=0.1",watanabe,4,1000,4000,0.0,0,0,"[0, 0, 0, 0, 0, 0, 0, 0]",5,10.499882063995756
e-singular,250,250,12,1.7174541586208387,"c=1,d=0.1",watanabe,4,1000,4000,0.0,0,0,"[0, 0, 0, 0, 0, 0, 0, 0]",10,24.25970067599701
singular1,250,250,12,0.3663077426083311,"c=1,d=0.1",watanabe,4,1000,4000,0.0,0,0,"[0, 0, 0, 0, 0, 0, 0, 0]",10,29.283684806003293
singular2,250,250,12,1.1768891422843395,"c=1,d=0.1",watanabe,4,1000,4000,0.0,0,0,"[0, 0, 0, 0, 0, 0, 0, 0]",10,19.16582893400482
regular,5000,5000,12,1.726899073315564,"c=1,d=0.1",watanabe,4,1000,4000,0.0,0,0,"[0, 0, 0, 0, 0, 0, 0, 0]",5,52.760539918002905
e-singular,5000,5000,12,1.0665903453221182,"c=1,d=0.1",watanabe,4,1000,4000,0.0,0,0,"[0, 0, 0, 0, 0, 0, 0, 0]",7,75.42922575199918
singular1,5000,5000,12,1.194560581958951,"c=1,d=0.1",watanabe,4,1000,4000,0.0,0,0,"[0, 0, 0, 0, 0, 0, 0, 0]",10,348.6668207830008
singular2,5000,5000,12,1.4431391168942251,"c=1,d=0.1",watanabe,4,1000,4000,0.0,0,0,"[0, 0, 0, 0, 0, 0, 0, 0]",10,209.63423388699448
regular,50,50,12,1.5037795662556113,"c=1,d=1",watanabe,4,1000,4000,0.0,0,0,"[0, 0, 0, 0, 0, 0, 0, 0]",7,10.294418382000003
e-singular,50,50,12,1.239599059158891,"c=1,d=1",watanabe,4,1000,4000,0.0,0,0,"[0, 0, 0, 0, 0, 0, 0, 0]",9,13.146093007999298
singular1,50,50,12,1.2031258801435354,"c=1,d=1",watanabe,4,1000,4000,0.0,0,0,"[0, 0, 0, 0, 0, 0, 0, 0]",10,16.40648995200172
singular2,50,50,12,0.989554101365162,"c=1,d=1",watanabe,4,1000,4000,0.0,0,0,"[0, 0, 0, 0, 0, 0, 0, 0]",9,11.918484301000715
regular,250,250,12,1.5389367665381315,"c=1,d=1",watanabe,4,1000,4000,0.0,0,0,"[0, 0, 0, 0, 0, 0, 0, 0]",6,10.280223734000174
e-singular,250,250,12,1.2701318709103564,"c=1,d=1",watanabe,4,1000,4000,0.0,0,0,"[0, 0, 0, 0, 0, 0, 0, 0]",10,18.670443759998307
singular1,250,250,12,0.8392576015139782,"c=1,d=1",watanabe,4,1000,4000,0.0,0,0,"[0, 0, 0, 0, 0, 0, 0, 0]",10,26.87149127599696
singular2,250,250,12,0.9116025355252128,"c=1,d=1",watanabe,4,1000,4000,0.0,0,0,"[0, 0, 0, 0, 0, 0, 0, 0]",10,24.979654039998422
regular,5000,5000,12,1.4820227369020431,"c=1,d=1",watanabe,4,1000,4000,0.0,0,0,"[0, 0, 0, 0, 0, 0, 0, 0]",8,53.72833846300637
e-singular,5000,5000,12,1.349583017077178,"c=1,d=1",watanabe,4,1000,4000,0.0,0,0,"[0, 0, 0, 0, 0, 0, 0, 0]",7,75.22415795300185
singular1,5000,5000,12,0.9875463953464974,"c=1,d=1",watanabe,4,1000,4000,0.0,0,0,"[0, 0, 0, 0, 0, 0, 0, 0]",10,339.5430332350006
singular2,5000,5000,12,0.7211700357990523,"c=1,d=1",watanabe,4,1000,4000,0.0,0,0,"[0, 0, 0, 0, 0, 0, 0, 0]",10,245.67423045800388
regular,50,50,13,1.5764783619444258,"c=1,d=0.1",watanabe,4,1000,4000,0.0,0,0,"[0, 0, 0, 0, 0, 0, 0, 0]",5,9.036926539003616
e-singular,50,50,13,0.2357087323097685,"c=1,d=0.1",watanabe,4,1000,4000,0.0,0,0,"[0, 0, 0, 0, 0, 0, 0, 0]",10,13.04966029899515
singular1,50,50,13,1.1687156659665263,"c=1,d=0.1",watanabe,4,1000,4000,0.0,0,0,"[0, 0, 0, 0, 0, 0, 0, 0]",9,13.744001777995436
singular2,50,50,13,0.8755040720306965,"c=1,d=0.1",watanabe,4,1000,4000,0.0,0,0,"[0, 0, 0, 0, 0, 0, 0, 0]",9,11.765234237005645
regular,250,250,13,1.1160287583606636,"c=1,d=0.1",watanabe,4,1000,4000,0.0,0,0,"[0, 0, 0, 0, 0, 0, 0, 0]",7,10.903061381999578
e-singular,250,250,13,0.7880144788761784,"c=1,d=0.1",watanabe,4,1000,4000,0.0,0,0,"[0, 0, 0, 0, 0, 0, 0, 0]",10,15.38071473799937
singular1,250,250,13,0.8679447206924079,"c=1,d=0.1",watanabe,4,1000,4000,0.0,0,0,"[0, 0, 0, 0, 0, 0, 0, 0]",10,22.712582524000027
singular2,250,250,13,0.6331540699454054,"c=1,d=0.1",watanabe,4,1000,4000,0.0,0,0,"[0, 0, 0, 0, 0, 0, 0, 0]",9,16.97018084499723
regular,5000,5000,13,1.936882639409626,"c=1,d=0.1",watanabe,4,1000,4000,0.0,0,0,"[0, 0, 0, 0, 0, 0, 0, 0]",5,52.43304982599511
e-singular,5000,5000,13,1.2053207518820936,"c=1,d=0.1",watanabe,4,1000,4000,0.0,0,0,"[0, 0, 0, 0, 0, 0, 0, 0]",7,71.61338272199646
singular1,5000,5000,13,0.6764858274310104,"c=1,d=0.1",watanabe,4,1000,4000,0.0,0,0,"[0, 0, 0, 0, 0, 0, 0, 0]",10,252.0234842409991
singular2,5000,5000,13,0.5591296783506727,"c=1,d=0.1",watanabe,4,1000,4000,0.0,0,0,"[0, 0, 0, 0, 0, 0, 0, 0]",10,241.14100900800256
regular,50,50,13,1.3735938923667783,"c=1,d=1",watanabe,4,1000,4000,0.0,0,0,"[0, 0, 0, 0, 0, 0, 0, 0]",6,6.737283894006396
e-singular,50,50,13,1.0330163934044043,"c=1,d=1",watanabe,4,1000,4000,0.0,0,0,"[0, 0, 0, 0, 0, 0, 0, 0]",10,11.702179048996186
singular1,50,50,13,1.0677033215531078,"c=1,d=1",watanabe,4,1000,4000,0.0,0,0,"[0, 0, 0, 0, 0, 0, 0, 0]",9,12.8031544369951
singular2,50,50,13,0.9586573936737952,"c=1,d=1",watanabe,4,1000,4000,0.0,0,0,"[0, 0, 0, 0, 0, 0, 0, 0]",9,9.99973763700109
regular,250,250,13,1.508282100349575,"c=1,d=1",watanabe,4,1000,4000,0.0,0,0,"[0, 0, 0, 0, 0, 0, 0, 0]",8,9.61159589899762
e-singular,250,250,13,1.4301781086809198,"c=1,d=1",watanabe,4,1000,4000,0.0,0,0,"[0, 0, 0, 0, 0, 0, 0, 0]",10,12.902517757996977
singular1,250,250,13,1.0554341550232424,"c=1,d=1",watanabe,4,1000,4000,0.0,0,0,"[0, 0, 0, 0, 0, 0, 0, 0]",10,21.89580952200049
singular2,250,250,13,1.0540268545135356,"c=1,d=1",watanabe,4,1000,4000,0.0,0,0,"[0, 0, 0, 0, 0, 0, 0, 0]",10,18.539677711996774
regular,5000,5000,13,1.4602624278760046,"c=1,d=1",watanabe,4,1000,4000,0.0,0,0,"[0, 0, 0, 0, 0, 0, 0, 0]",5,44.876783048996
e-singular,5000,5000,13,1.5127239321707038,"c=1,d=1",watanabe,4,1000,4000,0.0,0,0,"[0, 0, 0, 0, 0, 0, 0, 0]",7,62.99066969499836
singular1,5000,5000,13,0.7593060910914545,"c=1,d=1",watanabe,4,1000,4000,0.0,0,0,"[0, 0, 0, 0, 0, 0, 0, 0]",10,214.9801921840044
singular2,5000,5000,13,0.7395087226839451,"c=1,d=1",watanabe,4,1000,4000,0.0,0,0,"[0, 0, 0, 0, 0, 0, 0, 0]",10,217.1448175139958
regular,50,50,14,0.926914583780142,"c=1,d=0.1",watanabe,4,1000,4000,0.0,0,0,"[0, 0, 0, 0, 0, 0, 0, 0]",8,6.982366008996905
e-singular,50,50,14,0.8004980619113441,"c=1,d=0.1",watanabe,4,1000,4000,0.0,0,0,"[0, 0, 0, 0, 0, 0, 0, 0]",9,12.514739378006198
singular1,50,50,14,1.653333098524418,"c=1,d=0.1",watanabe,4,1000,4000,0.0,0,0,"[0, 0, 0, 0, 0, 0, 0, 0]",10,12.550943248999827
singular2,50,50,14,0.8712993475823516,"c=1,d=0.1",watanabe,4,1000,4000,0.0,0,0,"[0, 0, 0, 0, 0, 0, 0, 0]",9,9.715027925005415
regular,250,250,14,1.4407034315932272,"c=1,d=0.1",watanabe,4,1000,4000,0.0,0,0,"[0, 0, 0, 0, 0, 0, 0, 0]",6,8.633140591002302
e-singular,250,250,14,1.0663967775081742,"c=1,d=0.1",watanabe,4,1000,4000,0.0,0,0,"[0, 0, 0, 0, 0, 0, 0, 0]",8,14.764812004003034
singular1,250,250,14,0.7613424764138337,"c=1,d=0.1",watanabe,4,1000,4000,0.0,0,0,"[0, 0, 0, 0, 0, 0, 0, 0]",10,20.77359781999985
singular2,250,250,14,1.778266659951881,"c=1,d=0.1",watanabe,4,1000,4000,0.0,0,0,"[0, 0, 0, 0, 0, 0, 0, 0]",10,15.856371714995475
regular,5000,5000,14,1.2761441215672116,"c=1,d=0.1",watanabe,4,1000,4000,0.0,0,0,"[0, 0, 0, 0, 0, 0, 0, 0]",5,235.19469179899988
e-singular,5000,5000,14,1.6990682040911231,"c=1,d=0.1",watanabe,4,1000,4000,0.0,0,0,"[0, 0, 0, 0, 0, 0, 0, 0]",7,217.37546521200056
singular1,5000,5000,14,0.9726702842528951,"c=1,d=0.1",watanabe,4,1000,4000,0.0,0,0,"[0, 0, 0, 0, 0, 0, 0, 0]",10,702.2333034399999
singular2,5000,5000,14,0.5118823485563401,"c=1,d=0.1",watanabe,4,1000,4000,0.0,0,0,"[0, 0, 0, 0, 0, 0, 0, 0]",10,606.2551435119994
regular,50,50,14,1.4092801275663716,"c=1,d=1",watanabe,4,1000,4000,0.0,0,0,"[0, 0, 0, 0, 0, 0, 0, 0]",5,41.68971029199929
e-singular,50,50,14,1.0781775331168062,"c=1,d=1",watanabe,4,1000,4000,0.0,0,0,"[0, 0, 0, 0, 0, 0, 0, 0]",9,54.86055135700008
singular1,50,50,14,1.1890841060425927,"c=1,d=1",watanabe,4,1000,4000,0.0,0,0,"[0, 0, 0, 0, 0, 0, 0, 0]",9,45.43487998399996
singular2,50,50,14,1.0252476216817097,"c=1,d=1",watanabe,4,1000,4000,0.0,0,0,"[0, 0, 0, 0, 0, 0, 0, 0]",8,60.565453159000754
regular,250,250,14,1.720425930004056,"c=1,d=1",watanabe,4,1000,4000,0.0,0,0,"[0, 0, 0, 0, 0, 0, 0, 0]",6,67.63873761400009
e-singular,250,250,14,1.5565327236927906,"c=1,d=1",watanabe,4,1000,4000,0.0,0,0,"[0, 0, 0, 0, 0, 0, 0, 0]",8,57.78274844099997
singular1,250,250,14,1.104037716661427,"c=1,d=1",watanabe,4,1000,4000,0.0,0,0,"[0, 0, 0, 0, 0, 0, 0, 0]",10,59.78623579800024
singular2,250,250,14,1.0121965162848054,"c=1,d=1",watanabe,4,1000,4000,0.0,0,0,"[0, 0, 0, 0, 0, 0, 0, 0]",9,88.99288599899955
regular,50,50,0,1.465446734182275,"c=1,d=10",watanabe,2,1500,2500,0.0,0,0,"[0, 0, 0, 0]",5,28.89927137099994
e-singular,50,50,0,1.180121642802096,"c=1,d=10",watanabe,2,1500,2500,0.0,0,0,"[0, 0, 0, 0]",9,26.39974736199997
singular1,50,50,0,1.1274660766249427,"c=1,d=10",watanabe,2,1500,2500,0.0,0,0,"[0, 0, 0, 0]",9,28.394042252999952
singular2,50,50,0,1.039134160761903,"c=1,d=10",watanabe,2,1500,2500,0.0,0,0,"[0, 0, 0, 0]",9,27.83364393399984
regular,250,250,0,1.4822823690536886,"c=1,d=10",watanabe,2,1500,2500,0.0,0,0,"[0, 0, 0, 0]",5,29.39007515000003
e-singular,250,250,0,1.6130480732031491,"c=1,d=10",watanabe,2,1500,2500,0.0,0,0,"[0, 0, 0, 0]",9,30.89878034899993
singular1,250,250,0,1.0925504112397426,"c=1,d=10",watanabe,2,1500,2500,0.0,0,0,"[0, 0, 0, 0]",10,36.26304871599996
singular2,250,250,0,0.8187484851788954,"c=1,d=10",watanabe,2,1500,2500,0.0,0,0,"[0, 0, 0, 0]",10,40.443009523
regular,5000,5000,0,1.5834614178340116,"c=1,d=10",watanabe,2,1500,2500,0.0,0,0,"[0, 0, 0, 0]",5,76.9675696510003
e-singular,5000,5000,0,1.4599736090945752,"c=1,d=10",watanabe,2,1500,2500,0.0,0,0,"[0, 0, 0, 0]",7,96.61518125600014
singular1,5000,5000,0,0.7930195695660559,"c=1,d=10",watanabe,2,1500,2500,0.0,0,0,"[0, 0, 0, 0]",10,286.5111450280001
singular2,5000,5000,0,0.8428943741292836,"c=1,d=10",watanabe,2,1500,2500,0.0,0,0,"[0, 0, 0, 0]",10,186.32732716200007
regular,50,50,1,1.5041169203261249,"c=1,d=10",watanabe,2,1500,2500,0.0,0,0,"[0, 0, 0, 0]",5,33.090026296999895
e-singular,50,50,1,1.1488799421369569,"c=1,d=10",watanabe,2,1500,2500,0.0,0,0,"[0, 0, 0, 0]",8,34.86543846599989
singular1,50,50,1,1.0677057921653008,"c=1,d=10",watanabe,2,1500,2500,0.0,0,0,"[0, 0, 0, 0]",10,34.95174137999993
singular2,50,50,1,0.8772253430456464,"c=1,d=10",watanabe,2,1500,2500,0.0,0,0,"[0, 0, 0, 0]",8,33.33211822700014
regular,250,250,1,1.4529042730846864,"c=1,d=10",watanabe,2,1500,2500,0.0,0,0,"[0, 0, 0, 0]",5,30.44473403199981
e-singular,250,250,1,1.5971429568454212,"c=1,d=10",watanabe,2,1500,2500,0.0,0,0,"[0, 0, 0, 0]",8,30.58747989399989
singular1,250,250,1,1.0042853436029888,"c=1,d=10",watanabe,2,1500,2500,0.0,0,0,"[0, 0, 0, 0]",10,36.03414708399987
singular2,250,250,1,0.8754669561955515,"c=1,d=10",watanabe,2,1500,2500,0.0,0,0,"[0, 0, 0, 0]",9,36.90021229800004
regular,5000,5000,1,1.5719550448823294,"c=1,d=10",watanabe,2,1500,2500,0.0,0,0,"[0, 0, 0, 0]",6,103.99421168599974
e-singular,5000,5000,1,1.4824390885157834,"c=1,d=10",watanabe,2,1500,2500,0.0,0,0,"[0, 0, 0, 0]",6,215.18714813999983
singular1,5000,5000,1,0.822142087319146,"c=1,d=10",watanabe,2,1500,2500,0.0,0,0,"[0, 0, 0, 0]",10,201.9202706760002
singular2,5000,5000,1,0.9108827960827086,"c=1,d=10",watanabe,2,1500,2500,0.0,0,0,"[0, 0, 0, 0]",10,164.62595514099985
regular,50,50,2,1.4751204178094015,"c=1,d=10",watanabe,2,1500,2500,0.0,0,0,"[0, 0, 0, 0]",5,31.01835472199992
e-singular,50,50,2,1.165641403857982,"c=1,d=10",watanabe,2,1500,2500,0.0,0,0,"[0, 0, 0, 0]",8,32.01356598600023
singular1,50,50,2,1.096838455279885,"c=1,d=10",watanabe,2,1500,2500,0.0,0,0,"[0, 0, 0, 0]",10,32.225965280999844
singular2,50,50,2,0.9179995398347196,"c=1,d=10",watanabe,2,1500,2500,0.0,0,0,"[0, 0, 0, 0]",9,34.32018357800007
regular,250,250,2,1.4664612396688894,"c=1,d=10",watanabe,2,1500,2500,0.0,0,0,"[0, 0, 0, 0]",6,33.632630570999936
e-singular,250,250,2,1.6273878408325548,"c=1,d=10",watanabe,2,1500,2500,0.0,0,0,"[0, 0, 0, 0]",8,34.97606410199978
singular1,250,250,2,0.889351398562501,"c=1,d=10",watanabe,2,1500,2500,0.0,0,0,"[0, 0, 0, 0]",10,38.178932925000026
singular2,250,250,2,1.052410661236724,"c=1,d=10",watanabe,2,1500,2500,0.0,0,0,"[0, 0, 0, 0]",10,47.53557884500015
regular,5000,5000,2,1.4807750883888993,"c=1,d=10",watanabe,2,1500,2500,0.0,0,0,"[0, 0, 0, 0]",6,89.89990144800004
e-singular,5000,5000,2,1.4881729485694577,"c=1,d=10",watanabe,2,1500,2500,0.0,0,0,"[0, 0, 0, 0]",7,92.71089736499972
singular1,5000,5000,2,0.9204336024307204,"c=1,d=10",watanabe,2,1500,2500,0.0,0,0,"[0, 0, 0, 0]",10,206.3864462370002
singular2,5000,5000,2,0.9100227937384696,"c=1,d=10",watanabe,2,1500,2500,0.0,0,0,"[0, 0, 0, 0]",10,173.358720102
regular,50,50,3,1.4993330527760855,"c=1,d=10",watanabe,2,1500,2500,0.0,0,0,"[0, 0, 0, 0]",5,30.77496610400021
e-singular,50,50,3,1.5703008440525217,"c=1,d=10",watanabe,2,1500,2500,0.0,0,0,"[0, 0, 0, 0]",8,32.08777472200018
singular1,50,50,3,1.10918691799658,"c=1,d=10",watanabe,2,1500,2500,0.0,0,0,"[0, 0, 0, 0]",10,33.092783559000054
singular2,50,50,3,0.8953696173735105,"c=1,d=10",watanabe,2,1500,2500,0.0,0,0,"[0, 0, 0, 0]",9,32.15005438099979
regular,250,250,3,1.5191075013802098,"c=1,d=10",watanabe,2,1500,2500,0.0,0,0,"[0, 0, 0, 0]",5,33.97748055400007
e-singular,250,250,3,1.5763071903295347,"c=1,d=10",watanabe,2,1500,2500,0.0,0,0,"[0, 0, 0, 0]",7,34.32445591700025
singular1,250,250,3,0.9983117472890014,"c=1,d=10",watanabe,2,1500,2500,0.0,0,0,"[0, 0, 0, 0]",9,40.31630465199987
singular2,250,250,3,0.8760527839927946,"c=1,d=10",watanabe,2,1500,2500,0.0,0,0,"[0, 0, 0, 0]",10,42.72961948300008
regular,5000,5000,3,1.4831035728993691,"c=1,d=10",watanabe,2,1500,2500,0.0,0,0,"[0, 0, 0, 0]",5,74.14111567000009
e-singular,5000,5000,3,1.6169976469257763,"c=1,d=10",watanabe,2,1500,2500,0.0,0,0,"[0, 0, 0, 0]",7,119.16880039700028
singular1,5000,5000,3,0.7929015952574221,"c=1,d=10",watanabe,2,1500,2500,0.0,0,0,"[0, 0, 0, 0]",10,210.61703284199984
singular2,5000,5000,3,0.8213153195045588,"c=1,d=10",watanabe,2,1500,2500,0.0,0,0,"[0, 0, 0, 0]",10,261.7697935309998
regular,50,50,4,1.3854974366054968,"c=1,d=10",watanabe,2,1500,2500,0.0,0,0,"[0, 0, 0, 0]",5,25.256634035999923
e-singular,50,50,4,1.325964800397705,"c=1,d=10",watanabe,2,1500,2500,0.0,0,0,"[0, 0, 0, 0]",8,24.900329470000088
singular1,50,50,4,1.0751278011932273,"c=1,d=10",watanabe,2,1500,2500,0.0,0,0,"[0, 0, 0, 0]",9,27.176294828999744
singular2,50,50,4,0.970344108860154,"c=1,d=10",watanabe,2,1500,2500,0.0,0,0,"[0, 0, 0, 0]",8,25.865931741000168
regular,250,250,4,1.4072812477890448,"c=1,d=10",watanabe,2,1500,2500,0.0,0,0,"[0, 0, 0, 0]",5,26.919465168999977
e-singular,250,250,4,1.4999578869286276,"c=1,d=10",watanabe,2,1500,2500,0.0,0,0,"[0, 0, 0, 0]",8,30.03388486400036
singular1,250,250,4,1.132410800871099,"c=1,d=10",watanabe,2,1500,2500,0.0,0,0,"[0, 0, 0, 0]",10,36.5242997549999
singular2,250,250,4,0.8744830759011436,"c=1,d=10",watanabe,2,1500,2500,0.0,0,0,"[0, 0, 0, 0]",9,31.13166665800009
regular,5000,5000,4,1.5299149781528618,"c=1,d=10",watanabe,2,1500,2500,0.0,0,0,"[0, 0, 0, 0]",5,68.18859298500001
e-singular,5000,5000,4,1.609253512365838,"c=1,d=10",watanabe,2,1500,2500,0.0,0,0,"[0, 0, 0, 0]",7,90.86718707
singular1,5000,5000,4,0.9428597207491244,"c=1,d=10",watanabe,2,1500,2500,0.0,0,0,"[0, 0, 0, 0]",10,161.81371711799966
singular2,5000,5000,4,0.8213354996815063,"c=1,d=10",watanabe,2,1500,2500,0.0,0,0,"[0, 0, 0, 0]",10,189.94617768900025
regular,50,50,5,1.3656871794506371,"c=1,d=10",watanabe,2,1500,2500,0.0,0,0,"[0, 0, 0, 0]",5,26.937899287999244
e-singular,50,50,5,1.4866994296395533,"c=1,d=10",watanabe,2,1500,2500,0.0,0,0,"[0, 0, 0, 0]",8,26.695488362000106
singular1,50,50,5,1.0812952743303,"c=1,d=10",watanabe,2,1500,2500,0.0,0,0,"[0, 0, 0, 0]",10,28.84589574199981
singular2,50,50,5,1.0284436939738704,"c=1,d=10",watanabe,2,1500,2500,0.0,0,0,"[0, 0, 0, 0]",8,27.326999447999697
regular,250,250,5,1.5092240763440965,"c=1,d=10",watanabe,2,1500,2500,0.0,0,0,"[0, 0, 0, 0]",6,28.09804289299973
e-singular,250,250,5,1.134949451538067,"c=1,d=10",watanabe,2,1500,2500,0.0,0,0,"[0, 0, 0, 0]",9,29.61418061600034
singular1,250,250,5,1.0063908354372946,"c=1,d=10",watanabe,2,1500,2500,0.0,0,0,"[0, 0, 0, 0]",10,31.875746566999624
singular2,250,250,5,0.894388276376493,"c=1,d=10",watanabe,2,1500,2500,0.0,0,0,"[0, 0, 0, 0]",10,31.83515057800014
regular,5000,5000,5,1.533408740617325,"c=1,d=10",watanabe,2,1500,2500,0.0,0,0,"[0, 0, 0, 0]",6,78.37971880799978
e-singular,5000,5000,5,1.4737169471460847,"c=1,d=10",watanabe,2,1500,2500,0.0,0,0,"[0, 0, 0, 0]",6,71.06771366799967
singular1,5000,5000,5,0.7867121899855036,"c=1,d=10",watanabe,2,1500,2500,0.0,0,0,"[0, 0, 0, 0]",10,176.07487790800042
singular2,5000,5000,5,0.8001329473371337,"c=1,d=10",watanabe,2,1500,2500,0.0,0,0,"[0, 0, 0, 0]",10,206.90187484999933
regular,50,50,6,1.4517312785320255,"c=1,d=10",watanabe,2,1500,2500,0.0,0,0,"[0, 0, 0, 0]",5,24.362730947999808
e-singular,50,50,6,1.167101343245124,"c=1,d=10",watanabe,2,1500,2500,0.0,0,0,"[0, 0, 0, 0]",9,25.48087773399948
singular1,50,50,6,1.1620810480191457,"c=1,d=10",watanabe,2,1500,2500,0.0,0,0,"[0, 0, 0, 0]",10,25.93316101900018
singular2,50,50,6,0.8409032284430698,"c=1,d=10",watanabe,2,1500,2500,0.0,0,0,"[0, 0, 0, 0]",9,27.488155664999795
regular,250,250,6,1.5104403273680431,"c=1,d=10",watanabe,2,1500,2500,0.0,0,0,"[0, 0, 0, 0]",5,25.56084557400027
e-singular,250,250,6,1.6123324394025085,"c=1,d=10",watanabe,2,1500,2500,0.0,0,0,"[0, 0, 0, 0]",9,31.20228809799937
singular1,250,250,6,0.9365398004615072,"c=1,d=10",watanabe,2,1500,2500,0.0,0,0,"[0, 0, 0, 0]",10,33.10048800000004
singular2,250,250,6,0.9094113681231032,"c=1,d=10",watanabe,2,1500,2500,0.0,0,0,"[0, 0, 0, 0]",10,33.24231482600044
regular,5000,5000,6,1.5601457402711838,"c=1,d=10",watanabe,2,1500,2500,0.0,0,0,"[0, 0, 0, 0]",5,63.90312866399927
e-singular,5000,5000,6,1.4368819752586248,"c=1,d=10",watanabe,2,1500,2500,0.0,0,0,"[0, 0, 0, 0]",7,80.07178445499994
singular1,5000,5000,6,0.8360964693903702,"c=1,d=10",watanabe,2,1500,2500,0.0,0,0,"[0, 0, 0, 0]",10,214.6860073479993
singular2,5000,5000,6,0.7139414616718333,"c=1,d=10",watanabe,2,1500,2500,0.0,0,0,"[0, 0, 0, 0]",10,212.77008173299964
regular,50,50,7,1.4067142891631796,"c=1,d=10",watanabe,2,1500,2500,0.0,0,0,"[0, 0, 0, 0]",5,28.23668478200034
e-singular,50,50,7,1.1518738105971535,"c=1,d=10",watanabe,2,1500,2500,0.0,0,0,"[0, 0, 0, 0]",8,29.528181745999973
singular1,50,50,7,1.2979202801972387,"c=1,d=10",watanabe,2,1500,2500,0.0,0,0,"[0, 0, 0, 0]",10,30.47312509599942
singular2,50,50,7,0.9250828698267568,"c=1,d=10",watanabe,2,1500,2500,0.0,0,0,"[0, 0, 0, 0]",8,29.015146703000028
regular,250,250,7,1.5387019222167309,"c=1,d=10",watanabe,2,1500,2500,0.0,0,0,"[0, 0, 0, 0]",5,27.403073069999664
e-singular,250,250,7,1.616786440615761,"c=1,d=10",watanabe,2,1500,2500,0.0,0,0,"[0, 0, 0, 0]",8,28.75109249200068
singular1,250,250,7,0.9257580980904796,"c=1,d=10",watanabe,2,1500,2500,0.0,0,0,"[0, 0, 0, 0]",10,33.38925627200024
singular2,250,250,7,0.9394705587205658,"c=1,d=10",watanabe,2,1500,2500,0.0,0,0,"[0, 0, 0, 0]",9,32.934041479999905
regular,5000,5000,7,1.4899698396338654,"c=1,d=10",watanabe,2,1500,2500,0.0,0,0,"[0, 0, 0, 0]",5,65.88970870199955
e-singular,5000,5000,7,1.4346808208267343,"c=1,d=10",watanabe,2,1500,2500,0.0,0,0,"[0, 0, 0, 0]",7,83.54563449499983
singular1,5000,5000,7,0.8733512583717781,"c=1,d=10",watanabe,2,1500,2500,0.0,0,0,"[0, 0, 0, 0]",10,241.16401276500076
singular2,5000,5000,7,0.8779654731449833,"c=1,d=10",watanabe,2,1500,2500,0.0,0,0,"[0, 0, 0, 0]",10,206.88771135200025
regular,50,50,8,1.4184178522644082,"c=1,d=10",watanabe,2,1500,2500,0.0,0,0,"[0, 0, 0, 0]",5,27.51865313899998
e-singular,50,50,8,1.83075482560968,"c=1,d=10",watanabe,2,1500,2500,0.0,0,0,"[0, 0, 0, 0]",7,27.482923565999954
singular1,50,50,8,1.1160144403994057,"c=1,d=10",watanabe,2,1500,2500,0.0,0,0,"[0, 0, 0, 0]",10,29.266075014999842
singular2,50,50,8,0.9860016833883024,"c=1,d=10",watanabe,2,1500,2500,0.0,0,0,"[0, 0, 0, 0]",10,33.48918302899983
regular,250,250,8,1.5386505609132841,"c=1,d=10",watanabe,2,1500,2500,0.0,0,0,"[0, 0, 0, 0]",5,28.975576818000263
e-singular,250,250,8,1.5449666548168874,"c=1,d=10",watanabe,2,1500,2500,0.0,0,0,"[0, 0, 0, 0]",7,29.05143384799976
singular1,250,250,8,1.1057266301490736,"c=1,d=10",watanabe,2,1500,2500,0.0,0,0,"[0, 0, 0, 0]",10,34.88273756600029
singular2,250,250,8,0.8606029965934759,"c=1,d=10",watanabe,2,1500,2500,0.0,0,0,"[0, 0, 0, 0]",9,32.5272924840001
regular,5000,5000,8,1.5291620870249418,"c=1,d=10",watanabe,2,1500,2500,0.0,0,0,"[0, 0, 0, 0]",5,66.47820296499958
e-singular,5000,5000,8,1.46374186468405,"c=1,d=10",watanabe,2,1500,2500,0.0,0,0,"[0, 0, 0, 0]",7,102.64854550099972
singular1,5000,5000,8,0.8033747158079694,"c=1,d=10",watanabe,2,1500,2500,0.0,0,0,"[0, 0, 0, 0]",10,207.85051553300036
singular2,5000,5000,8,0.9457951584762315,"c=1,d=10",watanabe,2,1500,2500,0.0,0,0,"[0, 0, 0, 0]",10,188.68823017700015
regular,50,50,9,1.3773743118027648,"c=1,d=10",watanabe,2,1500,2500,0.0,0,0,"[0, 0, 0, 0]",5,28.59486257000026
e-singular,50,50,9,1.4090424645576396,"c=1,d=10",watanabe,2,1500,2500,0.0,0,0,"[0, 0, 0, 0]",8,28.240628984999603
singular1,50,50,9,1.1365390058278897,"c=1,d=10",watanabe,2,1500,2500,0.0,0,0,"[0, 0, 0, 0]",10,29.419608334999793
singular2,50,50,9,0.8777165774802138,"c=1,d=10",watanabe,2,1500,2500,0.0,0,0,"[0, 0, 0, 0]",9,30.86124669199944
regular,250,250,9,1.6058718259798255,"c=1,d=10",watanabe,2,1500,2500,0.0,0,0,"[0, 0, 0, 0]",5,27.339377995000177
e-singular,250,250,9,1.4936251483040561,"c=1,d=10",watanabe,2,1500,2500,0.0,0,0,"[0, 0, 0, 0]",8,27.073399837999204
singular1,250,250,9,1.0774888161656742,"c=1,d=10",watanabe,2,1500,2500,0.0,0,0,"[0, 0, 0, 0]",10,32.092736409999816
singular2,250,250,9,0.9055070027185517,"c=1,d=10",watanabe,2,1500,2500,0.0,0,0,"[0, 0, 0, 0]",9,30.149571852000008
regular,5000,5000,9,1.5726811648634889,"c=1,d=10",watanabe,2,1500,2500,0.0,0,0,"[0, 0, 0, 0]",6,78.70720425200034
e-singular,5000,5000,9,1.472954758783858,"c=1,d=10",watanabe,2,1500,2500,0.0,0,0,"[0, 0, 0, 0]",7,79.1086463269994
singular1,5000,5000,9,0.9832865925872053,"c=1,d=10",watanabe,2,1500,2500,0.0,0,0,"[0, 0, 0, 0]",10,181.23296578999998
singular2,5000,5000,9,0.709023421295561,"c=1,d=10",watanabe,2,1500,2500,0.0,0,0,"[0, 0, 0, 0]",10,200.42954864199965
regular,50,50,10,1.3990633096877814,"c=1,d=10",watanabe,2,1500,2500,0.0,0,0,"[0, 0, 0, 0]",5,25.013742433000516
e-singular,50,50,10,1.1739228799342674,"c=1,d=10",watanabe,2,1500,2500,0.0,0,0,"[0, 0, 0, 0]",8,25.778001991000565
singular1,50,50,10,1.1240118899631102,"c=1,d=10",watanabe,2,1500,2500,0.0,0,0,"[0, 0, 0, 0]",10,25.99346332300047
singular2,50,50,10,0.8466097733028686,"c=1,d=10",watanabe,2,1500,2500,0.0,0,0,"[0, 0, 0, 0]",8,25.51021128100001
regular,250,250,10,1.4763906278249581,"c=1,d=10",watanabe,2,1500,2500,0.0,0,0,"[0, 0, 0, 0]",5,27.096333658999356
e-singular,250,250,10,1.552088380728359,"c=1,d=10",watanabe,2,1500,2500,0.0,0,0,"[0, 0, 0, 0]",8,28.91486514600001
singular1,250,250,10,0.9750156699677893,"c=1,d=10",watanabe,2,1500,2500,0.0,0,0,"[0, 0, 0, 0]",10,32.17543270599981
singular2,250,250,10,0.8317591901991609,"c=1,d=10",watanabe,2,1500,2500,0.0,0,0,"[0, 0, 0, 0]",10,36.14550595899982
regular,5000,5000,10,1.4936239084582743,"c=1,d=10",watanabe,2,1500,2500,0.0,0,0,"[0, 0, 0, 0]",5,67.51485951099949
e-singular,5000,5000,10,1.5364758164885652,"c=1,d=10",watanabe,2,1500,2500,0.0,0,0,"[0, 0, 0, 0]",7,78.65418167400003
singular1,5000,5000,10,0.8951525838562381,"c=1,d=10",watanabe,2,1500,2500,0.0,0,0,"[0, 0, 0, 0]",10,200.1666037719997
singular2,5000,5000,10,0.7387562134230983,"c=1,d=10",watanabe,2,1500,2500,0.0,0,0,"[0, 0, 0, 0]",10,193.69597105100001
regular,50,50,11,1.408356061103152,"c=1,d=10",watanabe,2,1500,2500,0.0,0,0,"[0, 0, 0, 0]",5,25.833338355000706
e-singular,50,50,11,1.7041589177088556,"c=1,d=10",watanabe,2,1500,2500,0.0,0,0,"[0, 0, 0, 0]",7,26.697313032999773
singular1,50,50,11,0.9730023205426356,"c=1,d=10",watanabe,2,1500,2500,0.0,0,0,"[0, 0, 0, 0]",9,29.60342314100035
singular2,50,50,11,1.0959830148409377,"c=1,d=10",watanabe,2,1500,2500,0.0,0,0,"[0, 0, 0, 0]",7,28.87821537400032
regular,250,250,11,1.475754770271548,"c=1,d=10",watanabe,2,1500,2500,0.0,0,0,"[0, 0, 0, 0]",5,33.053485729000386
e-singular,250,250,11,1.6606166621595182,"c=1,d=10",watanabe,2,1500,2500,0.0,0,0,"[0, 0, 0, 0]",8,34.600393974000326
singular1,250,250,11,1.029573969976991,"c=1,d=10",watanabe,2,1500,2500,0.0,0,0,"[0, 0, 0, 0]",10,37.99161027399987
singular2,250,250,11,0.9719490886053984,"c=1,d=10",watanabe,2,1500,2500,0.0,0,0,"[0, 0, 0, 0]",10,41.60803696600033
